interval,sensor_id,direction,obs_flow,weight,source,original_sim_flow,error,rel_error
0_1800,9003,1,1444.8824884792627,1.0,BASt,1490.0,45.11751152073725,0.031225730729301997
0_1800,9003,2,1208.63133640553,1.0,BASt,694.0,-514.63133640553,-0.4257967842667755
0_1800,9006,1,1003.0069124423964,1.0,BASt,36.0,-967.0069124423964,-0.9641079243289188
0_1800,9006,2,1007.594470046083,1.0,BASt,292.0,-715.594470046083,-0.7102008708060444
0_1800,9014,1,1383.7488479262672,1.0,BASt,1594.0,210.25115207373278,0.1519431451659904
0_1800,9014,2,1164.9608294930877,1.0,BASt,458.0,-706.9608294930877,-0.6068537341300216
0_1800,9140,1,553.3502304147465,1.0,BASt,618.0,64.64976958525347,0.11683336525729325
0_1800,9140,2,407.7304147465438,1.0,BASt,426.0,18.269585253456228,0.044808002034415546
0_1800,9141,1,771.0023041474655,1.0,BASt,562.0,-209.00230414746545,-0.2710787023893131
0_1800,9141,2,591.4723502304147,1.0,BASt,424.0,-167.4723502304147,-0.28314485058375755
0_1800,9155,1,1719.5230414746543,1.0,BASt,1272.0,-447.5230414746543,-0.2602599852868856
0_1800,9155,2,2127.4493087557603,1.0,BASt,248.0,-1879.4493087557603,-0.8834284798329494
0_1800,9217,1,862.2188940092166,1.0,BASt,0.0,-862.2188940092166,-1.0
0_1800,9217,2,830.6451612903226,1.0,BASt,0.0,-830.6451612903226,-1.0
0_1800,9220,1,915.1820276497696,1.0,BASt,194.0,-721.1820276497696,-0.7880203127478355
0_1800,9220,2,1011.4493087557604,1.0,BASt,70.0,-941.4493087557604,-0.9307923794163141
0_1800,9223,1,698.942396313364,1.0,BASt,590.0,-108.94239631336404,-0.1558674890634632
0_1800,9223,2,512.7511520737327,1.0,BASt,402.0,-110.75115207373267,-0.21599396047345568
0_1800,9772,1,1729.1290322580646,1.0,BASt,1238.0,-491.1290322580646,-0.28403261011510555
0_1800,9772,2,1392.9562211981568,1.0,BASt,1056.0,-336.95622119815675,-0.24190007989506127
0_1800,9774,1,848.094470046083,1.0,BASt,730.0,-118.09447004608296,-0.1392468341877834
0_1800,9774,2,937.4907834101382,1.0,BASt,530.0,-407.4907834101382,-0.4346611088035274
0_1800,9775,1,1774.5622119815669,1.0,BASt,1082.0,-692.5622119815669,-0.39027215124130055
0_1800,9775,2,2054.582949308756,1.0,BASt,490.0,-1564.5829493087558,-0.7615087771633383
0_1800,9810,1,401.1221198156682,1.0,BASt,4.0,-397.1221198156682,-0.9900279745184879
0_1800,9810,2,297.60138248847926,1.0,BASt,62.0,-235.60138248847926,-0.7916676344660457
0_1800,9988,1,452.02073732718895,1.0,BASt,184.0,-268.02073732718895,-0.5929390295498453
1800_3600,9003,1,1785.163594470046,1.0,BASt,2386.0,600.8364055299539,0.3365721816147173
1800_3600,9003,2,1059.147465437788,1.0,BASt,1782.0,722.852534562212,0.6824852611656188
1800_3600,9006,1,765.463133640553,1.0,BASt,260.0,-505.463133640553,-0.6603363524988637
1800_3600,9006,2,864.4170506912442,1.0,BASt,436.0,-428.4170506912442,-0.49561383634051875
1800_3600,9014,1,1675.1751152073732,1.0,BASt,2266.0,590.8248847926268,0.3526944015757346
1800_3600,9014,2,1022.13133640553,1.0,BASt,1434.0,411.86866359447004,0.4029508233676356
1800_3600,9140,1,770.6797235023041,1.0,BASt,78.0,-692.6797235023041,-0.8987906420509754
1800_3600,9140,2,482.33179723502303,1.0,BASt,568.0,85.66820276497697,0.17761259625857492
1800_3600,9141,1,964.3433179723502,1.0,BASt,800.0,-164.34331797235018,-0.17041992712502235
1800_3600,9141,2,598.447004608295,1.0,BASt,684.0,85.55299539170505,0.14295834841332786
1800_3600,9155,1,1913.6036866359448,1.0,BASt,1638.0,-275.60368663594477,-0.14402338820764263
1800_3600,9155,2,2509.8594470046082,1.0,BASt,694.0,-1815.8594470046082,-0.723490492334838
1800_3600,9217,1,890.9377880184331,1.0,BASt,0.0,-890.9377880184331,-1.0
1800_3600,9217,2,1098.8663594470047,1.0,BASt,0.0,-1098.8663594470047,-1.0
1800_3600,9220,1,1039.2027649769586,1.0,BASt,334.0,-705.2027649769586,-0.6785997773905024
1800_3600,9220,2,1214.3041474654378,1.0,BASt,162.0,-1052.3041474654378,-0.8665902604894044
1800_3600,9223,1,900.5069124423964,1.0,BASt,946.0,45.493087557603644,0.05051942070518392
1800_3600,9223,2,505.2304147465438,1.0,BASt,664.0,158.76958525345623,0.31425183563643
1800_3600,9772,1,2167.7258064516127,1.0,BASt,2320.0,152.2741935483873,0.07024605837841065
1800_3600,9772,2,1286.1175115207373,1.0,BASt,1976.0,689.8824884792627,0.5364070408026158
1800_3600,9774,1,744.9101382488479,1.0,BASt,1392.0,647.0898617511521,0.8686817758613756
1800_3600,9774,2,1078.3456221198157,1.0,BASt,1380.0,301.65437788018426,0.27973812077726157
1800_3600,9775,1,1820.036866359447,1.0,BASt,1728.0,-92.036866359447,-0.05056868245946302
1800_3600,9775,2,2285.0783410138247,1.0,BASt,1396.0,-889.0783410138247,-0.3890800262976392
1800_3600,9810,1,593.3341013824885,1.0,BASt,10.0,-583.3341013824885,-0.9831460892325257
1800_3600,9810,2,306.758064516129,1.0,BASt,62.0,-244.75806451612902,-0.7978863242021137
1800_3600,9988,1,567.610599078341,1.0,BASt,426.0,-141.610599078341,-0.2494854735064524
0_1800,77339100,1,676.4250000000001,0.5,BAYSIS_SVZ,336.0,-340.42500000000007,-0.5032708726022841
1800_3600,77339100,1,1352.8500000000001,0.5,BAYSIS_SVZ,772.0,-580.8500000000001,-0.42935284769190973
0_1800,78339104,2,607.4,0.5,BAYSIS_SVZ,570.0,-37.39999999999998,-0.061573921633190615
1800_3600,78339104,2,1214.8,0.5,BAYSIS_SVZ,948.0,-266.79999999999995,-0.21962462956865325
0_1800,78339109,1,363.45000000000005,0.5,BAYSIS_SVZ,42.0,-321.45000000000005,-0.8844407758976476
1800_3600,78339109,1,726.9000000000001,0.5,BAYSIS_SVZ,82.0,-644.9000000000001,-0.8871921859953226
0_1800,78339100,2,462.27500000000003,0.5,BAYSIS_SVZ,46.0,-416.27500000000003,-0.9004921313071224
1800_3600,78339100,2,924.5500000000001,0.5,BAYSIS_SVZ,84.0,-840.5500000000001,-0.9091449894543291
0_1800,76339403,1,121.22500000000001,0.5,BAYSIS_SVZ,88.0,-33.22500000000001,-0.2740771293050114
1800_3600,76339403,1,242.45000000000002,0.5,BAYSIS_SVZ,52.0,-190.45000000000002,-0.7855227882037533
0_1800,76349400,2,183.35000000000002,0.5,BAYSIS_SVZ,82.0,-101.35000000000002,-0.5527679301881647
1800_3600,76349400,2,366.70000000000005,0.5,BAYSIS_SVZ,98.0,-268.70000000000005,-0.7327515680392692
0_1800,78339108,1,308.90000000000003,0.5,BAYSIS_SVZ,84.0,-224.90000000000003,-0.7280673357073487
1800_3600,78339108,1,617.8000000000001,0.5,BAYSIS_SVZ,200.0,-417.80000000000007,-0.6762706377468437
0_1800,77339400,2,259.05,0.5,BAYSIS_SVZ,0.0,-259.05,-1.0
1800_3600,77339400,2,518.1,0.5,BAYSIS_SVZ,0.0,-518.1,-1.0
0_1800,77339408,2,107.75,0.5,BAYSIS_SVZ,0.0,-107.75,-1.0
1800_3600,77339408,2,215.5,0.5,BAYSIS_SVZ,0.0,-215.5,-1.0
0_1800,77339403,2,124.17500000000001,0.5,BAYSIS_SVZ,0.0,-124.17500000000001,-1.0
1800_3600,77339403,2,248.35000000000002,0.5,BAYSIS_SVZ,0.0,-248.35000000000002,-1.0
0_1800,76339410,1,102.825,0.5,BAYSIS_SVZ,22.0,-80.825,-0.7860442499392172
1800_3600,76339410,1,205.65,0.5,BAYSIS_SVZ,74.0,-131.65,-0.6401653294432288
0_1800,77339402,2,222.07500000000002,0.5,BAYSIS_SVZ,0.0,-222.07500000000002,-1.0
1800_3600,77339402,2,444.15000000000003,0.5,BAYSIS_SVZ,0.0,-444.15000000000003,-1.0
