region_id,region_type,edge_sequence,edge_id,from_junction,to_junction,length_m,speed_drop_light,speed_drop_moderate,speed_drop_severe,max_positive_speed_drop,dominant_scenario
S1_b471,fixed_flood_site,1,372647238,3761981964,3761981959,70.6,4.459361264,-1.031652958,9.745349167,9.745349167,severe
S1_b471,fixed_flood_site,2,372647235,3761981959,3761974733,557.29,4.382991083,-0.620661846,10.2534004,10.2534004,severe
S1_b471,fixed_flood_site,3,372647241,3761974733,25745033,149.1,3.898320445,-1.291318681,9.623833562,9.623833562,severe
S1_b471,fixed_flood_site,4,101081591,25745033,132310,174.96,4.495849508,-0.938362784,10.3128322,10.3128322,severe
S1_b471,fixed_flood_site,5,101081608,132310,3761974732,202.94,4.505191638,-0.562857143,10.47559647,10.47559647,severe
S1_b471,fixed_flood_site,6,372647240,3761974732,3761974739,109.41,4.210794038,-1.356653595,10.31300907,10.31300907,severe
S1_b471,fixed_flood_site,7,563798645,3761974739,3761974745,58.66,4.095658001,-1.496404473,9.960081273,9.960081273,severe
S1_b471,fixed_flood_site,8,372647239,3761974745,3761974753,180.89,4.282318413,-1.147051388,10.4356989,10.4356989,severe
S1_b471,fixed_flood_site,9,563798644,3761974753,3761974754,21.31,4.411938272,-1.14925731,9.02679798,9.02679798,severe
S1_b471,fixed_flood_site,10,372647237,3761974754,1761536552,1085.51,4.458699248,-0.975694208,10.21121594,10.21121594,severe
S1_b471,fixed_flood_site,11,372648087,1761536552,1761536612,157.45,3.069878049,-1.043139535,6.2614,6.2614,severe
S1_b471,fixed_flood_site,12,511296353,1761536612,3761988896,33.45,2.823638435,-1.010109247,5.062607393,5.062607393,severe
S1_b471,fixed_flood_site,13,-511296353,3761988896,1761536612,33.45,1.642751938,-0.443093132,5.955835271,5.955835271,severe
S1_b471,fixed_flood_site,14,-519402586,1761536612,1761536552,157.1,2.26872942,-0.58512987,10.20204372,10.20204372,severe
S1_b471,fixed_flood_site,15,-372647237,1761536552,3761974754,1082.97,2.835185185,-0.727747475,10.65235948,10.65235948,severe
S1_b471,fixed_flood_site,16,-563798644,3761974754,3761974753,21.31,2.262097143,-0.990615079,11.01621652,11.01621652,severe
S1_b471,fixed_flood_site,17,-372647239,3761974753,3761974745,180.7,2.619699612,-0.936280117,11.05465116,11.05465116,severe
S1_b471,fixed_flood_site,18,-519366831,3761974745,3761974739,58.44,2.726048426,-0.695006797,11.07065179,11.07065179,severe
S1_b471,fixed_flood_site,19,-372647240,3761974739,3761974732,109.33,2.731616254,-0.668101504,9.737987797,9.737987797,severe
S1_b471,fixed_flood_site,20,-101081608,3761974732,132310,202.68,2.85991958,0.702278555,10.84030303,10.84030303,severe
S1_b471,fixed_flood_site,21,-101081591,132310,25745033,174.77,2.577920746,-0.778848485,10.94377747,10.94377747,severe
S1_b471,fixed_flood_site,22,-372647241,25745033,3761974733,149.01,2.605359408,-0.566385918,10.86522727,10.86522727,severe
S1_b471,fixed_flood_site,23,-372647235,3761974733,3761981959,556.55,2.616035798,-0.982234878,10.48576822,10.48576822,severe
S1_b471,fixed_flood_site,24,-372647238,3761981959,3761981964,70.63,2.461162791,-0.923641196,9.453553183,9.453553183,severe
S2_b471,fixed_flood_site,1,32234550,300058518,138519,1351.61,5.153886413,-0.490688869,-0.339193921,5.153886413,light
S2_b471,fixed_flood_site,2,32473364,138519,138520,222.19,5.834683599,-6.613529556,-4.480399421,5.834683599,light
S2_b471,fixed_flood_site,3,4267816,138520,138523,219.76,0.72102051,-8.179139967,-2.163956147,0.72102051,light
S2_b471,fixed_flood_site,4,4268401,138523,138526,66.74,0.978204528,-8.043888665,-1.054864464,0.978204528,light
S2_b471,fixed_flood_site,5,493361413,138526,2963339419,124.89,0.423012713,-8.351069814,-0.636367132,0.423012713,light
S2_b471,fixed_flood_site,6,31672145,2963339419,cluster_1437407154_775972644,148.8,0.30002744,-8.778080469,-0.331121744,0.30002744,light
S2_b471,fixed_flood_site,7,519348430#1,cluster_1437407154_775972644,260794933,346.97,0.269690755,-9.181013682,-0.19146658,0.269690755,light
S2_b471,fixed_flood_site,8,519348425#2,260794933,4852806751,300.49,0.192013458,-10.49792265,0.014187371,0.192013458,light
S2_b471,fixed_flood_site,9,493360265,4852806751,262597235,49.72,0.299477697,-10.81132517,0.045182482,0.299477697,light
S2_b471,fixed_flood_site,10,493360261,262597235,4852806749,142,0.142714286,-11.28894859,0.153142857,0.153142857,severe
S2_b471,fixed_flood_site,11,493360263,4852806749,cluster_260795265_2978076913,110.19,-0.06326391,-11.7590521,0.12177305,0.12177305,severe
S2_b471,fixed_flood_site,12,493360262,cluster_260795265_2978076913,4852806752,89.28,-0.342777778,-11.94314103,-0.147960373,0,light
S2_b471,fixed_flood_site,13,493360266#0,4852806752,cluster_1971777119_354570213,204.23,-0.928867009,-11.57717118,0.017502854,0.017502854,severe
S2_b471,fixed_flood_site,14,-493360266#0,cluster_1971777119_354570213,4852806752,204.19,1.266764706,-0.064044118,0.016617647,1.266764706,light
S2_b471,fixed_flood_site,15,-493360262,4852806752,cluster_260795265_2978076913,89.28,1.439172932,0.026970598,0.134363181,1.439172932,light
S2_b471,fixed_flood_site,16,-493360263,cluster_260795265_2978076913,4852806749,110.19,1.330895522,-0.02585849,-0.009776119,1.330895522,light
S2_b471,fixed_flood_site,17,-493360261,4852806749,262597235,142,1.419191176,-0.018529412,-0.016176471,1.419191176,light
S2_b471,fixed_flood_site,18,-493360265,262597235,4852806751,49.72,1.35970698,-0.08625,-0.058849129,1.35970698,light
S2_b471,fixed_flood_site,19,-519348425#3,4852806751,260794933,300.5,1.248088235,-0.067426471,-0.056029412,1.248088235,light
S2_b471,fixed_flood_site,20,-519348425#1,260794933,cluster_1437407154_775972644,346.98,1.356617647,-0.039632353,0.04125,1.356617647,light
S2_b471,fixed_flood_site,21,-519348430#0,cluster_1437407154_775972644,2963339419,148.76,1.326797445,-0.039785888,0.043251149,1.326797445,light
S2_b471,fixed_flood_site,22,-493361413,2963339419,138526,125.13,1.388321168,-0.076715328,-0.036073959,1.388321168,light
S2_b471,fixed_flood_site,23,4267817,138526,365102510,7.74,1.143359729,0.0675,-0.040779192,1.143359729,light
S2_b471,fixed_flood_site,24,520069748,365102510,138519,578.1,1.791033802,-0.365688064,-0.14375,1.791033802,light
S2_b471,fixed_flood_site,25,-519348437,138519,300058518,1353.18,2.068613139,0.060962128,-0.131605839,2.068613139,light
S3_a8,fixed_flood_site,1,327464676,1973408160,306559045,237.75,-0.010753012,27.80417665,14.39353448,27.80417665,moderate
S3_a8,fixed_flood_site,2,251505089,306559045,292333682,281.39,-0.004351396,28.12914447,14.53388454,28.12914447,moderate
S3_a8,fixed_flood_site,3,251505092,292333682,3342495618,221.54,0.017209528,27.984077,14.85324321,27.984077,moderate
S3_a8,fixed_flood_site,4,830912806,3342495618,237459,3267.71,0.006455321,28.75139785,15.63275839,28.75139785,moderate
S3_a8,fixed_flood_site,5,327462610,237459,237437,187.73,-0.366710022,11.00098636,13.93037487,13.93037487,severe
S3_a8,fixed_flood_site,6,251505085,137994,3342456114,183.61,0.102447917,10.37583333,11.44963542,11.44963542,severe
S3_a8,fixed_flood_site,7,327462614,3342456114,292333649,3751.37,-0.010208333,17.36640625,13.09973958,17.36640625,moderate
S3_a8,fixed_flood_site,8,327464675,292333649,16004576,196.35,-0.023842105,13.30424937,13.18886394,13.30424937,moderate
S3_a8,fixed_flood_site,9,251505081,16004576,16004574,296.18,-0.019052632,15.99315789,12.29935673,15.99315789,moderate
S4_St2054,speed_impact,1,-1057789612#0,cluster_25659982_5513414684_5513414687,5513414691,29.73,-0.691112957,7.240262705,0.958695406,7.240262705,moderate
S4_St2054,speed_impact,2,-25664390#10,5513414691,5513414698,54.72,-0.724879227,7.242042282,0.884931071,7.242042282,moderate
S4_St2054,speed_impact,3,-1057789612#2,5513414683,cluster_25659982_5513414684_5513414687,41.92,-0.778214286,7.029814815,0.8415,7.029814815,moderate
S4_St2054,speed_impact,4,-25664390#9,5513414698,25659979,7.82,-0.732296296,7.341359837,0.833222222,7.341359837,moderate
S4_St2054,speed_impact,5,-1057789612#3,cluster_25659977_5513414671,5513414683,34.43,-0.591860465,5.49926103,0.365389535,5.49926103,moderate
S4_St2054,speed_impact,6,-25664390#8,25659979,5513414701,36.46,-0.800296296,7.369577982,0.844333333,7.369577982,moderate
S4_St2054,speed_impact,7,-552416002#0,cluster_5513414658_5513414665,cluster_25659977_5513414671,21.85,-0.645357143,5.389686248,0.706080139,5.389686248,moderate
S4_St2054,speed_impact,8,-25664390#7,5513414701,5513414763,11.33,-0.627370821,7.483859338,0.882664894,7.483859338,moderate
S4_St2054,speed_impact,9,-552416002#2,5513414654,cluster_5513414658_5513414665,19.24,-0.946363636,7.442164401,1.07674612,7.442164401,moderate
S4_St2054,speed_impact,10,552416002#2,cluster_5513414658_5513414665,5513414654,19.24,0.586,1.552413793,1.848333333,1.848333333,severe
S4_St2054,speed_impact,11,-25664390#6,5513414763,5513414761,7.3,-0.646534954,7.552301024,0.900893617,7.552301024,moderate
S4_St2054,speed_impact,12,-552416002#3,5513414662,5513414654,10.03,-0.90452381,7.385950156,0.776821705,7.385950156,moderate
S4_St2054,speed_impact,13,-25664390#5,5513414761,5513414765,16.41,-0.741988261,7.506351458,0.935425532,7.506351458,moderate
S4_St2054,speed_impact,14,25664390#5,5513414765,5513414761,15.7,0.571166667,1.634088353,1.784222222,1.784222222,severe
S4_St2054,speed_impact,15,-552416002#4,cluster_2364325401_5513414650,5513414662,13.59,-0.848928571,7.05271028,0.764186047,7.05271028,moderate
S4_St2054,speed_impact,16,-25664390#4,5513414765,cluster_25659980_266867848,11.67,-0.744050152,7.426743499,0.933944354,7.426743499,moderate
S4_St2054,speed_impact,17,-552416002#6,5513414648,cluster_2364325401_5513414650,37.34,-0.784282277,7.083329711,0.820930233,7.083329711,moderate
S4_St2054,speed_impact,18,25664390#2,5513414823,cluster_25659980_266867848,23.43,0.73654902,1.651607843,1.853166667,1.853166667,severe
S4_St2054,speed_impact,19,-25664390#2,cluster_25659980_266867848,5513414823,23.43,-0.691522989,7.451296296,0.778910256,7.451296296,moderate
S4_St2054,speed_impact,20,552416002#7,5513414648,5513414638,20.27,0.84875,1.618226744,2.006416667,2.006416667,severe
S4_St2054,speed_impact,21,-552416002#7,5513414638,5513414648,20.27,-0.766909722,7.061873016,0.923968254,7.061873016,moderate
S4_St2054,speed_impact,22,25664390#1,5513414828,5513414823,20.66,0.638897059,1.592321429,1.790615079,1.790615079,severe
S4_St2054,speed_impact,23,-25664390#1,5513414823,5513414828,20.2,-0.689078114,7.567885488,0.819163265,7.567885488,moderate
S4_St2054,speed_impact,24,552416002#8,5513414638,cluster_266867860_5513414635,31.7,0.652,1.68680303,2.098920635,2.098920635,severe
S4_St2054,speed_impact,25,-552416002#8,cluster_266867860_5513414635,5513414638,31.7,-0.788767677,7.093630342,0.971156566,7.093630342,moderate
S4_St2054,speed_impact,26,-25664390#0,5513414828,cluster_5513414817_5513414820,54.05,-0.770617816,7.609866208,0.832367886,7.609866208,moderate
S4_St2054,speed_impact,27,25664304#3,cluster_5513414817_5513414820,5513414828,53.96,0.590625,1.582938218,1.816913462,1.816913462,severe
S4_St2054,speed_impact,28,-552416002#10,2364352160,cluster_266867860_5513414635,6.02,-0.762294721,7.152133716,0.980713531,7.152133716,moderate
S4_St2054,speed_impact,29,552416002#10,cluster_266867860_5513414635,2364352160,6.02,0.661333333,1.97227451,2.402644809,2.402644809,severe
S4_St2054,speed_impact,30,25664304#1,279784692,cluster_5513414817_5513414820,25.15,0.650125,1.615125,1.892819672,1.892819672,severe
S4_St2054,speed_impact,31,-25664304#1,cluster_5513414817_5513414820,279784692,25.15,-0.643708656,7.663969294,0.998877551,7.663969294,moderate
S4_St2054,speed_impact,32,552416002#11,2364352160,5513414633,12.06,0.594666667,2.094785714,2.549833333,2.549833333,severe
S4_St2054,speed_impact,33,-552416002#11,5513414633,2364352160,12.06,-0.828653576,6.936964964,0.886845298,6.936964964,moderate
S4_St2054,speed_impact,34,-25664304#0,279784692,271948445,44.91,-0.698369253,7.642513379,0.939016473,7.642513379,moderate
S4_St2054,speed_impact,35,-552416002#12,cluster_2364352182_25659975,5513414633,10.24,-0.733380084,7.033127902,0.945187058,7.033127902,moderate
S4_St2054,speed_impact,36,552416002#12,5513414633,cluster_2364352182_25659975,10.24,0.491375,2.428987952,2.953166667,2.953166667,severe
S4_St2054,speed_impact,37,4270949,271948445,cluster_271948402_271948403,35.86,-0.751900383,7.621380224,0.99795664,7.621380224,moderate
S4_St2054,speed_impact,38,-552416002#14,cluster_2361271245_25659974,cluster_2364352182_25659975,19.42,-0.750692935,6.878754181,0.936345756,6.878754181,moderate
S4_St2054,speed_impact,39,38517402#0,cluster_271948402_271948403,2361283354,56.93,-0.88878853,7.518816817,0.901388889,7.518816817,moderate
S4_St2054,speed_impact,40,-24543563#0,2364352164,cluster_2361271245_25659974,68.5,-0.724852437,6.814189217,0.86008612,6.814189217,moderate
S4_St2054,speed_impact,41,38517402#1,2361283354,2361283365,65.09,-0.853693182,7.581954545,0.799967532,7.581954545,moderate
S4_St2054,speed_impact,42,24543563#1,2364352164,cluster_11203144256_11248234114_25659973,62.77,0.507894737,1.867326555,2.002159443,2.002159443,severe
S4_St2054,speed_impact,43,-24543563#1,cluster_11203144256_11248234114_25659973,2364352164,62.77,-0.706291667,6.52985119,0.579136905,6.52985119,moderate
S4_St2054,speed_impact,44,38517402#2,2361283365,cluster_26043435_271948399,16.26,-0.844953488,7.597881374,0.687713178,7.597881374,moderate
S4_St2054,speed_impact,45,-24543564,2094697468,cluster_11203144256_11248234114_25659973,27.81,-0.369816327,4.189088435,-0.048673469,4.189088435,moderate
S4_St2054,speed_impact,46,38517402#3,cluster_26043435_271948399,cluster_2301831505_26043434_269054672_5513414862,30.09,-0.855636364,7.595272727,0.712792208,7.595272727,moderate
S4_St2054,speed_impact,47,199481929#1,884402701,2094697468,15.94,-0.617998683,4.086013605,0.507555998,4.086013605,moderate
S4_St2054,speed_impact,48,38517402#5,cluster_2301831505_26043434_269054672_5513414862,cluster_2301831498_2589430830_3624648596,58.99,-0.930507893,7.55462143,0.825415861,7.55462143,moderate
S4_St2054,speed_impact,49,199481929#3,2094697504,884402701,18.45,-0.514109782,4.794340136,0.595340136,4.794340136,moderate
S4_St2054,speed_impact,50,38517402#7,cluster_2301831498_2589430830_3624648596,5513414868,23.23,-0.907954545,7.460176085,0.648325942,7.460176085,moderate
S4_St2054,speed_impact,51,-199481928,2619354678,2094697504,29.12,-0.4124,4.526361905,0.747885714,4.526361905,moderate
S4_St2054,speed_impact,52,-38517402#8,266867856,5513414868,5.43,0.696764706,1.68537037,1.802413793,1.802413793,severe
S4_St2054,speed_impact,53,38517402#8,5513414868,266867856,5.43,-0.835,7.617378768,0.401071429,7.617378768,moderate
S4_St2054,speed_impact,54,-256262777#0,279792598,2619354678,219.4,-1.040907811,15.42643537,1.635340136,15.42643537,moderate
S4_St2054,speed_impact,55,-1284230708,266867856,2351132200,125.31,-1.083460317,10.40993254,0.674623306,10.40993254,moderate
S4_St2054,speed_impact,56,1284230708,2351132200,266867856,124.82,0.630277778,2.059011628,2.182884615,2.182884615,severe
S4_St2054,speed_impact,57,256262777#1,279792598,279792559,124.18,0.782132353,2.178838235,2.447801724,2.447801724,severe
S4_St2054,speed_impact,58,-256262777#1,279792559,279792598,123.35,-1.493509317,15.1029886,1.792254803,15.1029886,moderate
S4_St2054,speed_impact,59,224243811#2,26043433,2351132200,57.48,0.4525,2.878524096,3.390725806,3.390725806,severe
S4_St2054,speed_impact,60,-224243811#2,2351132200,26043433,57.48,-1.037883598,13.47818452,0.76852381,13.47818452,moderate
S4_St2054,speed_impact,61,256262777#2,279792559,2317641929,97.38,1.014375,2.399651163,2.717,2.717,severe
S4_St2054,speed_impact,62,-256262777#2,2317641929,279792559,96.43,-1.758298351,14.35895993,1.708488865,14.35895993,moderate
S4_St2054,speed_impact,63,224243811#1,26043432,26043433,356.52,0.741677632,2.654800824,3.236482143,3.236482143,severe
S4_St2054,speed_impact,64,-224243811#1,26043433,26043432,356.42,-1.456404989,17.97923219,1.700667986,17.97923219,moderate
S4_St2054,speed_impact,65,256262777#3,2317641929,2317641930,85.52,1.029176471,2.621023256,2.793555556,2.793555556,severe
S4_St2054,speed_impact,66,-256262777#3,2317641930,2317641929,85.52,-1.438436782,14.31763696,1.845131783,14.31763696,moderate
S4_St2054,speed_impact,67,84207160#3,10099340071,26043432,248.36,0.663254902,2.992666667,3.435166667,3.435166667,severe
S4_St2054,speed_impact,68,-224243811#0,26043432,10099340071,248.86,-1.583026038,19.12237921,2.201292517,19.12237921,moderate
S4_St2054,speed_impact,69,-256262777#4,cluster_12573379186_979538434,2317641930,111.53,-1.365673235,13.97090952,1.908111849,13.97090952,moderate
S4_St2054,speed_impact,70,256262777#4,2317641930,cluster_12573379186_979538434,110.49,1.289411765,2.825052288,2.907703081,2.907703081,severe
S4_St2054,speed_impact,71,-84207160#2,10099340071,cluster_271948389_279464426,350.75,-1.616544218,19.71762245,1.659304267,19.71762245,moderate
S4_St2054,speed_impact,72,84207160#2,cluster_271948389_279464426,10099340071,350.75,0.82134058,2.473166667,3.03625,3.03625,severe
S4_St2054,speed_impact,73,256262777#5,cluster_12573379186_979538434,cluster_12573377592_12573377593,381.2,1.324117647,2.925051546,3.367536232,3.367536232,severe
S4_St2054,speed_impact,74,-256262777#5,cluster_12573377592_12573377593,cluster_12573379186_979538434,381.72,-1.337715618,13.59896923,1.784102564,13.59896923,moderate
S4_St2054,speed_impact,75,-84207160#1,cluster_271948389_279464426,cluster_268497535_476009281,236.16,-1.675404255,20.54370318,1.854095745,20.54370318,moderate
S4_St2054,speed_impact,76,84207160#1,cluster_268497535_476009281,cluster_271948389_279464426,237.74,0.976888889,2.127637681,2.372717949,2.372717949,severe
S4_St2054,speed_impact,77,256262777#6,cluster_12573377592_12573377593,25659966,90.19,1.100514706,2.853193277,3.132409867,3.132409867,severe
S4_St2054,speed_impact,78,-256262777#6,25659966,cluster_12573377592_12573377593,90.62,-1.318996011,12.50694149,1.816524823,12.50694149,moderate
S4_St2054,speed_impact,79,-84207160#0,cluster_268497535_476009281,26043428,71.31,-0.609404762,15.38515476,2.030238095,15.38515476,moderate
S4_St2054,speed_impact,80,-256262777#7,cluster_12573402352_12573402353,25659966,169.35,-1.319795918,12.17904619,1.735552919,12.17904619,moderate
S4_St2054,speed_impact,81,256262777#7,25659966,cluster_12573402352_12573402353,169.52,1.272573099,2.843229665,3.115350877,3.115350877,severe
S4_St2054,speed_impact,82,-1377730276#1,26043428,370351687,51.45,-0.718152709,9.347868949,0.809761905,9.347868949,moderate
S4_St2054,speed_impact,83,256262777#8,cluster_12573402352_12573402353,1126634285,181.79,1.51372549,3.054,3.321433824,3.321433824,severe
S4_St2054,speed_impact,84,-256262777#8,1126634285,cluster_12573402352_12573402353,181.66,-1.247096774,10.94789474,1.717727273,10.94789474,moderate
S4_St2054,speed_impact,85,-1377730276#0,370351687,cluster_221624557_221624558,9.7,-0.859243061,9.198955856,0.852694541,9.198955856,moderate
S4_St2054,speed_impact,86,1377730276#0,cluster_221624557_221624558,370351687,9.7,0.358875,1.443081081,1.792,1.792,severe
S4_St2054,speed_impact,87,97262150#0,1126634285,cluster_427544836_979538396,95.9,0.999705882,2.375941176,2.709210526,2.709210526,severe
S4_St2054,speed_impact,88,-97262150#0,cluster_427544836_979538396,1126634285,95.9,-1.1954,8.331470968,1.37935,8.331470968,moderate
S4_St2054,speed_impact,89,-1377730277,cluster_221624557_221624558,2135036569,34.19,-0.946785714,9.164516129,0.826666667,9.164516129,moderate
S4_St2054,speed_impact,90,-97262150#1,279795409,cluster_427544836_979538396,186.97,-1.31965,8.634772043,1.581948837,8.634772043,moderate
S4_St2054,speed_impact,91,97262150#1,cluster_427544836_979538396,279795409,187.89,1.04875,2.62247093,2.820307377,2.820307377,severe
S4_St2054,speed_impact,92,-25016277#2,2135036569,142674134,174.93,-0.854445277,9.640307826,0.992204969,9.640307826,moderate
S4_St2054,speed_impact,93,-97262150#2,cluster_266820038_979538385,279795409,90.05,-1.225765306,8.029638421,1.544559369,8.029638421,moderate
S4_St2054,speed_impact,94,97262150#2,279795409,cluster_266820038_979538385,90.05,0.870625,2.303683824,2.418625,2.418625,severe
S4_St2054,speed_impact,95,-25016277#1,142674134,5955578901,42.51,-0.749143357,9.620608504,1.065151515,9.620608504,moderate
S4_St2054,speed_impact,96,97262152#0,cluster_266820038_979538385,427544984,303.72,0.905902778,2.577581522,3.037378731,3.037378731,severe
S4_St2054,speed_impact,97,-97262152#0,427544984,cluster_266820038_979538385,303.73,-1.35919837,9.73576087,1.885148221,9.73576087,moderate
S4_St2054,speed_impact,98,-25016277#0,5955578901,96138314,57.05,-0.653824477,7.286886396,1.112540046,7.286886396,moderate
S4_St2054,speed_impact,99,-97262152#1,cluster_12573430315_12573430316,427544984,14.49,-1.314684751,8.035942288,1.673625541,8.035942288,moderate
S4_St2054,speed_impact,100,97262152#1,427544984,cluster_12573430315_12573430316,14.49,1.347333333,3.18297992,3.650090395,3.650090395,severe
S4_St2054,speed_impact,101,25016278#4,96138314,142654614,3.61,-0.517822222,5.96424552,0.856858859,5.96424552,moderate
S4_St2054,speed_impact,102,-97262152#2,cluster_311140420_979538362,cluster_12573430315_12573430316,122.92,-1.25002059,7.893375568,1.668051257,7.893375568,moderate
S4_St2054,speed_impact,103,97262152#2,cluster_12573430315_12573430316,cluster_311140420_979538362,122.49,1.429372549,3.145519836,3.532872549,3.532872549,severe
S4_St2054,speed_impact,104,25016278#1,142654614,2016469131,14.25,-0.386513043,6.201167602,1.405702341,6.201167602,moderate
S4_St2054,speed_impact,105,97262152#3,cluster_311140420_979538362,311140177,339.81,1.140448179,2.898864469,3.431277056,3.431277056,severe
S4_St2054,speed_impact,106,-27803378,311140177,cluster_311140420_979538362,339.45,-0.697593583,4.881838235,0.516971214,4.881838235,moderate
S4_St2054,speed_impact,107,25016278#2,2016469131,271950830,8,-0.575,4.737682927,1.345,4.737682927,moderate
S4_St2054,speed_impact,108,-97262147,cluster_311140292_311140329,311140177,41.61,-0.76125,2.097703488,0.672083333,2.097703488,moderate
S4_St2054,speed_impact,109,854407862#1,cluster_311140292_311140329,5559271645,73.68,0.744411765,1.471321839,1.783196721,1.783196721,severe
S4_St2054,speed_impact,110,-854407862#1,5559271645,cluster_311140292_311140329,75.64,-0.673884134,2.697128619,0.887244898,2.697128619,moderate
S4_St2054,speed_impact,111,854407862#2,5559271645,cluster_5559271647_5559271649,8.75,0.943035714,1.815725309,2.007386364,2.007386364,severe
S4_St2054,speed_impact,112,-854407862#2,cluster_5559271647_5559271649,5559271645,8.75,-0.531055108,2.726041667,0.988236789,2.726041667,moderate
S4_St2054,speed_impact,113,-854407862#4,25659960,cluster_5559271647_5559271649,39.42,-0.660947152,2.712202753,1.003938765,2.712202753,moderate
S4_St2054,speed_impact,114,854407862#4,cluster_5559271647_5559271649,25659960,39.42,0.630714286,1.619285714,1.861851852,1.861851852,severe
S4_St2054,speed_impact,115,854407862#5,25659960,468491400,42.44,0.619333333,1.644246914,1.886619048,1.886619048,severe
S4_St2054,speed_impact,116,-854407862#5,468491400,25659960,42.44,-0.655545642,2.599698169,1.015256876,2.599698169,moderate
S4_St2054,speed_impact,117,854407862#6,468491400,5638252225,25.36,0.612,1.488177215,1.867965517,1.867965517,severe
S4_St2054,speed_impact,118,-854407862#6,5638252225,468491400,25.36,-0.593791667,2.472953431,0.986564922,2.472953431,moderate
S4_St2054,speed_impact,119,854407862#7,5638252225,5559271583,22.21,0.671625,1.544518519,1.94237931,1.94237931,severe
S4_St2054,speed_impact,120,-854407862#7,5559271583,5638252225,22.54,-0.674108844,2.401930372,0.987736118,2.401930372,moderate
S4_St2054,speed_impact,121,-854407862#8,11524095093,5559271583,54.82,-0.669012821,2.244947964,0.952517483,2.244947964,moderate
S4_St2054,speed_impact,122,854407862#8,5559271583,11524095093,52.49,0.84875,1.720895062,2.085614754,2.085614754,severe
S4_St2054,speed_impact,123,-1393378776#0,468491328,11524095093,21.32,-0.600595745,2.173286608,0.928858801,2.173286608,moderate
S4_St2054,speed_impact,124,1393378776#0,11524095093,468491328,20.3,0.685333333,1.682419753,1.982071429,1.982071429,severe
S4_St2054,speed_impact,125,1393378776#1,468491328,5559271581,9.29,0.760666667,1.884024691,2.029636364,2.029636364,severe
S4_St2054,speed_impact,126,-1393378776#1,5559271581,468491328,9.29,-0.624014184,2.161249381,0.871033435,2.161249381,moderate
S4_St2054,speed_impact,127,-1393378776#2,11254868659,5559271581,11.43,-0.546148936,2.094920831,0.770374873,2.094920831,moderate
S4_St2054,speed_impact,128,1393378776#2,5559271581,11254868659,11.43,0.783333333,2.033463415,2.254181818,2.254181818,severe
S4_St2054,speed_impact,129,-1393378776#3,5559271585,11254868659,9.89,-0.490404255,2.039153884,0.783976697,2.039153884,moderate
S4_St2054,speed_impact,130,1393378776#3,11254868659,5559271585,9.52,0.58375,2.312289157,2.723859649,2.723859649,severe
S4_St2054,speed_impact,131,1393378776#4,5559271585,11254868652,29.64,0.986397059,3.977529412,4.095024108,4.095024108,severe
S4_St2054,speed_impact,132,1393378776#6,11254868652,5559271577,32.43,0.6425,2.042439024,2.236101695,2.236101695,severe
S4_St2054,speed_impact,133,-1393378776#6,5559271577,11254868652,31.72,-0.574607713,1.814643741,0.601504206,1.814643741,moderate
S4_St2054,speed_impact,134,-1393378776#7,288154065,5559271577,17.53,-0.568375,3.279837209,1.142046512,3.279837209,moderate
S4_St2054,speed_impact,135,-494708203#0,5559271573,288154065,7.33,-0.548020833,3.167596899,1.02530303,3.167596899,moderate
S4_St2054,speed_impact,136,-494708203#1,cluster_25659957_5559271570,5559271573,46.98,-0.615701262,2.798403298,0.909550051,2.798403298,moderate
S4_St2054,speed_impact,137,-494708203#3,288154063,cluster_25659957_5559271570,28.95,-0.528101449,2.284741688,0.867239636,2.284741688,moderate
S4_St2054,speed_impact,138,-494708203#4,cluster_5559271547_5559271555,288154063,46.52,-0.614790666,1.85495052,0.699395551,1.85495052,moderate
S4_St2054,speed_impact,139,494708203#4,288154063,cluster_5559271547_5559271555,45.9,0.634875,1.548487805,1.813901639,1.813901639,severe
S5_a8,speed_impact,1,-182556971,3342625370,97008623,0.2,0.555951515,2.008092692,1.210751515,2.008092692,moderate
S5_a8,speed_impact,2,200614327,2018710387,97008623,15.5,0.846745098,1.867333333,2.168583333,2.168583333,severe
S5_a8,speed_impact,3,200614326,97008623,25659997,57.56,0.901625,1.930320988,2.302101695,2.302101695,severe
S5_a8,speed_impact,4,-327473093,1929137770,3342625370,12.85,0.403485577,2.195827206,1.1489625,2.195827206,moderate
S5_a8,speed_impact,5,184627122#2,1459240479,2018710387,103.16,1.333786765,3.011448171,3.568936404,3.568936404,severe
S5_a8,speed_impact,6,184627123#0,25659997,8960183354,34.21,0.958047619,1.940345382,2.118153005,2.118153005,severe
S5_a8,speed_impact,7,-327473095,409199568,1929137770,160.71,-0.420733333,15.55581373,2.616466667,15.55581373,moderate
S5_a8,speed_impact,8,184627122#1,12744037121,1459240479,41.96,0.941019608,2.459886179,2.829356322,2.829356322,severe
S5_a8,speed_impact,9,-184627122#1,1459240479,12744037121,41.96,-0.939484204,2.688069909,1.260212766,2.688069909,moderate
S5_a8,speed_impact,10,184627123#1,8960183354,34035954,46.04,0.749464286,1.881404321,2.25425,2.25425,severe
S5_a8,speed_impact,11,10901655,237501,409199568,147.5,-0.833951613,17.44662531,0.674852735,17.44662531,moderate
S5_a8,speed_impact,12,184627122#0,735565999,12744037121,196.96,1.127124183,2.582235294,2.968719165,2.968719165,severe
S5_a8,speed_impact,13,-184627122#0,12744037121,735565999,196.96,-1.054270833,2.773454457,1.283919574,2.773454457,moderate
S5_a8,speed_impact,14,280421287,34035954,25659995,218.9,2.726984127,4.258398268,5.382698413,5.382698413,severe
S5_a8,speed_impact,15,280421286,2845390139,237501,244.26,-0.053709677,20.45695515,-0.032258065,20.45695515,moderate
S5_a8,speed_impact,16,50893709,403497293,735565999,75.19,0.991833333,2.329333333,2.751833333,2.751833333,severe
S5_a8,speed_impact,17,-50893709,735565999,403497293,75.19,-0.882554113,2.928538206,1.42737013,2.928538206,moderate
S5_a8,speed_impact,18,830912805#1,4580204219,2845390139,3238.54,-0.027692308,16.75717308,-0.022461538,16.75717308,moderate
S5_a8,speed_impact,19,27803377,25659955,403497293,300.17,0.948049536,1.635540356,2.240877368,2.240877368,severe
S5_a8,speed_impact,20,-27803377,403497293,25659955,300.77,-0.95549697,3.878108046,1.3542,3.878108046,moderate
S5_a8,speed_impact,21,-38517406#2,25659955,cluster_5559269278_5559269316,72.35,-0.572709091,2.394152381,0.946572093,2.394152381,moderate
S5_a8,speed_impact,22,-38517406#1,cluster_5559269278_5559269316,5559269319,20.91,-0.686550613,2.533655015,0.766869301,2.533655015,moderate
S5_a8,speed_impact,23,-38517406#0,5559269319,cluster_1951277779_317124458,22.74,-0.111547389,2.704837893,0.635175656,2.704837893,moderate
S5_a8,speed_impact,24,-27803376#2,cluster_1951277779_317124458,468491376,36.02,-0.683357713,3.040139311,0.754738878,3.040139311,moderate
S5_a8,speed_impact,25,-27803376#1,468491376,5559271534,38.62,-0.504550446,3.737426783,0.96807521,3.737426783,moderate
S5_a8,speed_impact,26,-27803376#0,5559271534,cluster_13038826265_1833633059,27.64,-0.380899108,2.379146433,0.753617021,2.379146433,moderate
S5_a8,speed_impact,27,494708203#9,11524095108,cluster_13038826265_1833633059,34.8,1.049111111,1.945878553,2.089820789,2.089820789,severe
S5_a8,speed_impact,28,494708203#8,5559271548,11524095108,10.26,0.812375,1.964625,2.164892241,2.164892241,severe
S5_a8,speed_impact,29,494708203#7,5559271540,5559271548,6.45,0.738,1.751,1.954644068,1.954644068,severe
S6_St2051,speed_impact,1,-102858508#0,cluster_325404532_463479732,25571788,369.09,-0.139815668,4.443965844,0.036867141,4.443965844,moderate
S6_St2051,speed_impact,2,-441828030#3,25571788,671179187,141.08,0.000926302,6.457888594,0.03682266,6.457888594,moderate
S6_St2051,speed_impact,3,-441828030#2,671179187,8186095277,59.44,0.134049123,7.39695071,0.08705653,7.39695071,moderate
S6_St2051,speed_impact,4,-441828030#1,8186095277,8186095284,24.01,0.054375645,7.92425863,0.024288499,7.92425863,moderate
S6_St2051,speed_impact,5,-441828030#0,8186095284,cluster_25571791_4395249685,144.82,0.059882353,8.137229167,0.038968553,8.137229167,moderate
S6_St2051,speed_impact,6,-441828031,cluster_25571791_4395249685,25571792,95.85,0.083558621,9.012086979,-0.068587533,9.012086979,moderate
S6_St2051,speed_impact,7,-48781531#1,25571792,cluster_13474569212_2065610603,106.81,-0.014935767,9.007674877,-0.003442006,9.007674877,moderate
S6_St2051,speed_impact,8,-48781531#0,cluster_13474569212_2065610603,cluster_25571796_2589414770,295.08,0.965430242,6.232946032,0.747014849,6.232946032,moderate
S6_St2051,speed_impact,9,-4270947#0,2193096738,cluster_25571796_2589414770,109.91,-0.053134328,3.926853488,-0.179414292,3.926853488,moderate
S6_St2051,speed_impact,10,-1381967172#0,cluster_25571796_2589414770,1139450213,64.8,0.067383333,4.15915,0.073875,4.15915,moderate
S6_St2051,speed_impact,11,-4270947#1,1231570424,2193096738,263.29,0.203787879,7.419162762,0.085232926,7.419162762,moderate
S6_St2051,speed_impact,12,-123943388#0,1139450213,1139450252,688.54,-0.12318657,6.791416605,-0.085365854,6.791416605,moderate
S6_St2051,speed_impact,13,-4270947#2,1231570370,1231570424,357.75,0.148899038,7.069533703,0.07227972,7.069533703,moderate
S6_St2051,speed_impact,14,-48781532#0,1139450252,1164711108,174.86,0.48322591,5.979175744,0.11546221,5.979175744,moderate
S6_St2051,speed_impact,15,-4270947#3,26012503,1231570370,261.9,0.054126984,3.302316785,-0.009149306,3.302316785,moderate
S6_St2051,speed_impact,16,-1382013241,1164711108,25659914,42.6,0.204500513,3.080584324,0.175696203,3.080584324,moderate
S6_St2051,speed_impact,17,-497862008#0,25659874,26012503,113.83,0.051746032,2.407891649,0.001899802,2.407891649,moderate
S6_St2051,speed_impact,18,1391055897,12876182287,25659914,164.24,-0.081111111,7.332577413,-0.287086721,7.332577413,moderate
S6_St2051,speed_impact,19,-497862008#1,25659872,25659874,336.11,-0.009153846,1.989148936,0.001363636,1.989148936,moderate
S6_St2051,speed_impact,20,52977564#8,569945474,12876182287,56,0.449801136,9.147920259,0.275329392,9.147920259,moderate
S6_St2051,speed_impact,21,52977564#7,569945476,569945474,371.26,-0.189754902,9.130177596,-0.463782051,9.130177596,moderate
S6_St2051,speed_impact,22,52977564#6,1139439862,569945476,174.45,-0.080226891,7.33722549,-0.468197587,7.33722549,moderate
S6_St2051,speed_impact,23,52977564#5,1139439848,1139439862,166.25,-0.015294118,6.944210526,-0.377894737,6.944210526,moderate
S6_St2051,speed_impact,24,52977564#4,1139439857,1139439848,113.65,0.040123106,6.065614224,-0.201613176,6.065614224,moderate
S6_St2051,speed_impact,25,52977564#3,25571806,1139439857,14.13,0.0321875,5.897723214,-0.253784722,5.897723214,moderate
S6_St2051,speed_impact,26,52977564#2,1306040041,25571806,217.1,-0.002058824,5.195992024,-0.34372549,5.195992024,moderate
S6_St2051,speed_impact,27,52977564#1,25957120,1306040041,55.23,-0.124517045,4.198258929,-0.305115132,4.198258929,moderate
