event_id,rain_class,start_time,end_time,peak_time,duration_min,duration_h,peak_after_start_min,peak_position_percent,total_rain_mm,mean_intensity_mm_h,max_intensity_mm_h
1.0,Light,2023-01-03 01:00:00,2023-01-03 04:10:00,2023-01-03 01:10:00,120,2.0,10.0,16.666666666666664,0.4,0.20000000000000004,0.8400000000000001
2.0,Light,2023-01-03 08:10:00,2023-01-03 12:10:00,2023-01-03 08:50:00,210,3.5,40.0,23.809523809523807,0.6500000000000001,0.18571428571428572,0.48
3.0,Light,2023-01-04 22:50:00,2023-01-04 22:50:00,2023-01-04 22:50:00,10,0.16666666666666666,0.0,100.0,0.01,0.06,0.06
4.0,Light,2023-01-05 02:20:00,2023-01-05 03:20:00,2023-01-05 02:20:00,40,0.6666666666666666,0.0,25.0,0.04,0.06,0.06
5.0,Light,2023-01-05 09:10:00,2023-01-05 09:10:00,2023-01-05 09:10:00,10,0.16666666666666666,0.0,100.0,0.01,0.06,0.06
6.0,Moderate,2023-01-05 13:50:00,2023-01-05 16:50:00,2023-01-05 14:50:00,120,2.0,60.0,58.333333333333336,2.3199999999999994,1.1600000000000001,7.5600000000000005
7.0,Light,2023-01-09 03:30:00,2023-01-09 05:50:00,2023-01-09 03:30:00,60,1.0,0.0,16.666666666666664,0.10999999999999999,0.11000000000000003,0.30000000000000004
8.0,Light,2023-01-10 00:50:00,2023-01-10 01:30:00,2023-01-10 01:20:00,30,0.5,30.0,133.33333333333331,0.14,0.27999999999999997,0.36
9.0,Light,2023-01-10 05:00:00,2023-01-10 05:40:00,2023-01-10 05:10:00,50,0.8333333333333334,10.0,40.0,0.26,0.31199999999999994,0.66
10.0,Light,2023-01-10 06:50:00,2023-01-10 07:10:00,2023-01-10 06:50:00,20,0.3333333333333333,0.0,50.0,0.02,0.06,0.06
11.0,Light,2023-01-10 09:30:00,2023-01-10 09:30:00,2023-01-10 09:30:00,10,0.16666666666666666,0.0,100.0,0.13,0.78,0.78
12.0,Light,2023-01-11 02:30:00,2023-01-11 02:40:00,2023-01-11 02:40:00,20,0.3333333333333333,10.0,100.0,0.03,0.09,0.12
13.0,Light,2023-01-11 04:00:00,2023-01-11 04:00:00,2023-01-11 04:00:00,10,0.16666666666666666,0.0,100.0,0.01,0.06,0.06
14.0,Light,2023-01-11 14:30:00,2023-01-11 20:00:00,2023-01-11 17:00:00,310,5.166666666666667,150.0,51.61290322580645,3.4199999999999995,0.6619354838709676,2.2199999999999998
15.0,Light,2023-01-11 22:40:00,2023-01-12 00:30:00,2023-01-11 23:00:00,80,1.3333333333333333,20.0,37.5,0.8799999999999999,0.6599999999999999,2.2199999999999998
16.0,Light,2023-01-13 14:20:00,2023-01-13 15:40:00,2023-01-13 15:20:00,50,0.8333333333333334,60.0,140.0,0.32999999999999996,0.39599999999999996,0.8999999999999999
17.0,Light,2023-01-13 20:40:00,2023-01-13 20:50:00,2023-01-13 20:40:00,20,0.3333333333333333,0.0,50.0,0.38,1.1400000000000001,1.5
18.0,Light,2023-01-14 19:10:00,2023-01-14 19:20:00,2023-01-14 19:10:00,20,0.3333333333333333,0.0,50.0,0.02,0.06,0.06
19.0,Light,2023-01-15 00:10:00,2023-01-15 02:10:00,2023-01-15 01:50:00,70,1.1666666666666667,100.0,157.14285714285714,0.21000000000000005,0.18000000000000002,0.42000000000000004
20.0,Light,2023-01-15 03:30:00,2023-01-15 03:30:00,2023-01-15 03:30:00,10,0.16666666666666666,0.0,100.0,0.01,0.06,0.06
21.0,Light,2023-01-15 11:50:00,2023-01-15 13:40:00,2023-01-15 12:30:00,120,2.0,40.0,41.66666666666667,0.37,0.18500000000000003,0.72
22.0,Light,2023-01-15 14:50:00,2023-01-15 16:00:00,2023-01-15 15:20:00,70,1.1666666666666667,30.0,57.14285714285714,0.53,0.4542857142857143,1.08
23.0,Light,2023-01-16 19:50:00,2023-01-16 19:50:00,2023-01-16 19:50:00,10,0.16666666666666666,0.0,100.0,0.02,0.12,0.12
24.0,Light,2023-01-18 22:00:00,2023-01-18 23:30:00,2023-01-18 22:50:00,70,1.1666666666666667,50.0,85.71428571428571,0.13,0.11142857142857143,0.24
25.0,Light,2023-01-19 02:30:00,2023-01-19 03:20:00,2023-01-19 02:30:00,50,0.8333333333333334,0.0,20.0,0.13,0.156,0.24
26.0,Light,2023-01-20 12:30:00,2023-01-20 16:30:00,2023-01-20 16:10:00,150,2.5,220.0,153.33333333333334,0.47000000000000003,0.188,0.42000000000000004
27.0,Light,2023-01-20 19:20:00,2023-01-20 22:20:00,2023-01-20 20:00:00,140,2.3333333333333335,40.0,35.714285714285715,0.6800000000000002,0.29142857142857137,0.66
28.0,Light,2023-01-20 23:40:00,2023-01-21 05:50:00,2023-01-20 23:50:00,330,5.5,10.0,6.0606060606060606,1.26,0.2290909090909091,0.72
29.0,Light,2023-01-21 09:10:00,2023-01-21 21:00:00,2023-01-21 15:10:00,600,10.0,360.0,61.66666666666667,3.3999999999999995,0.3399999999999999,1.1400000000000001
30.0,Light,2023-01-21 22:50:00,2023-01-21 22:50:00,2023-01-21 22:50:00,10,0.16666666666666666,0.0,100.0,0.01,0.06,0.06
31.0,Light,2023-01-22 01:10:00,2023-01-22 06:10:00,2023-01-22 02:20:00,250,4.166666666666667,70.0,32.0,1.13,0.2712,1.1400000000000001
32.0,Light,2023-01-22 10:20:00,2023-01-22 11:20:00,2023-01-22 10:20:00,40,0.6666666666666666,0.0,25.0,0.060000000000000005,0.09,0.12
33.0,Light,2023-01-23 22:30:00,2023-01-24 00:00:00,2023-01-23 22:50:00,80,1.3333333333333333,20.0,37.5,0.18,0.13499999999999998,0.36
34.0,Light,2023-01-27 00:20:00,2023-01-27 01:40:00,2023-01-27 00:20:00,60,1.0,0.0,16.666666666666664,0.060000000000000005,0.06,0.06
35.0,Light,2023-01-27 03:50:00,2023-01-27 04:30:00,2023-01-27 04:10:00,40,0.6666666666666666,20.0,75.0,0.08,0.12,0.18
36.0,Light,2023-01-27 08:00:00,2023-01-27 08:00:00,2023-01-27 08:00:00,10,0.16666666666666666,0.0,100.0,0.01,0.06,0.06
37.0,Light,2023-01-27 09:30:00,2023-01-27 10:30:00,2023-01-27 10:30:00,50,0.8333333333333334,60.0,140.0,0.06,0.072,0.12
38.0,Light,2023-01-27 19:20:00,2023-01-27 19:40:00,2023-01-27 19:20:00,20,0.3333333333333333,0.0,50.0,0.02,0.06,0.06
39.0,Light,2023-01-28 00:10:00,2023-01-28 01:40:00,2023-01-28 00:20:00,80,1.3333333333333333,10.0,25.0,0.16000000000000003,0.12,0.24
40.0,Light,2023-01-28 03:40:00,2023-01-28 03:40:00,2023-01-28 03:40:00,10,0.16666666666666666,0.0,100.0,0.01,0.06,0.06
41.0,Light,2023-01-29 00:20:00,2023-01-29 00:40:00,2023-01-29 00:20:00,20,0.3333333333333333,0.0,50.0,0.1,0.30000000000000004,0.42000000000000004
42.0,Light,2023-02-02 03:50:00,2023-02-02 06:00:00,2023-02-02 04:50:00,40,0.6666666666666666,60.0,175.0,0.06,0.09,0.12
43.0,Light,2023-02-02 09:10:00,2023-02-02 09:10:00,2023-02-02 09:10:00,10,0.16666666666666666,0.0,100.0,0.01,0.06,0.06
44.0,Light,2023-02-02 11:50:00,2023-02-02 16:40:00,2023-02-02 13:50:00,260,4.333333333333333,120.0,50.0,1.6300000000000001,0.3761538461538461,0.8999999999999999
45.0,Light,2023-02-02 18:00:00,2023-02-02 22:20:00,2023-02-02 21:10:00,240,4.0,190.0,83.33333333333334,1.1400000000000001,0.285,0.78
46.0,Light,2023-02-02 23:50:00,2023-02-02 23:50:00,2023-02-02 23:50:00,10,0.16666666666666666,0.0,100.0,0.01,0.06,0.06
47.0,Light,2023-02-03 19:10:00,2023-02-03 20:50:00,2023-02-03 19:20:00,90,1.5,10.0,22.22222222222222,0.45,0.30000000000000004,0.54
48.0,Moderate,2023-02-03 22:20:00,2023-02-04 01:30:00,2023-02-04 01:10:00,190,3.1666666666666665,170.0,94.73684210526315,2.85,0.8999999999999999,2.58
49.0,Light,2023-02-05 14:10:00,2023-02-05 17:30:00,2023-02-05 16:30:00,190,3.1666666666666665,140.0,78.94736842105263,0.56,0.1768421052631579,0.8400000000000001
50.0,Light,2023-02-06 18:40:00,2023-02-06 18:40:00,2023-02-06 18:40:00,10,0.16666666666666666,0.0,100.0,0.01,0.06,0.06
51.0,Light,2023-02-17 06:40:00,2023-02-17 06:50:00,2023-02-17 06:40:00,20,0.3333333333333333,0.0,50.0,0.09,0.27,0.48
52.0,Light,2023-02-17 08:20:00,2023-02-17 09:20:00,2023-02-17 08:40:00,40,0.6666666666666666,20.0,75.0,0.1,0.15,0.24
53.0,Moderate,2023-02-19 02:20:00,2023-02-19 04:40:00,2023-02-19 03:50:00,150,2.5,90.0,66.66666666666666,2.92,1.1679999999999997,2.88
54.0,Light,2023-02-19 09:00:00,2023-02-19 09:00:00,2023-02-19 09:00:00,10,0.16666666666666666,0.0,100.0,0.01,0.06,0.06
55.0,Light,2023-02-23 15:40:00,2023-02-23 16:00:00,2023-02-23 15:50:00,30,0.5,10.0,66.66666666666666,0.16,0.32,0.54
56.0,Moderate,2023-02-24 14:50:00,2023-02-25 05:20:00,2023-02-24 16:50:00,800,13.333333333333334,120.0,16.25,21.82,1.6364999999999998,6.66
57.0,Light,2023-02-25 18:00:00,2023-02-25 23:50:00,2023-02-25 18:20:00,310,5.166666666666667,20.0,9.67741935483871,2.7399999999999993,0.5303225806451614,2.2199999999999998
58.0,Light,2023-02-26 01:20:00,2023-02-26 01:20:00,2023-02-26 01:20:00,10,0.16666666666666666,0.0,100.0,0.01,0.06,0.06
59.0,Light,2023-02-26 02:40:00,2023-02-26 03:40:00,2023-02-26 03:00:00,30,0.5,20.0,100.0,0.04,0.08,0.12
60.0,Light,2023-02-26 13:20:00,2023-02-26 14:20:00,2023-02-26 13:20:00,50,0.8333333333333334,0.0,20.0,0.18000000000000002,0.21600000000000003,0.42000000000000004
61.0,Light,2023-02-26 17:30:00,2023-02-26 18:10:00,2023-02-26 18:00:00,40,0.6666666666666666,30.0,100.0,0.15000000000000002,0.22500000000000003,0.66
62.0,Light,2023-03-08 11:00:00,2023-03-08 11:50:00,2023-03-08 11:00:00,60,1.0,0.0,16.666666666666664,0.37000000000000005,0.36999999999999994,0.96
63.0,Moderate,2023-03-08 19:30:00,2023-03-08 22:20:00,2023-03-08 20:10:00,160,2.6666666666666665,40.0,31.25,1.77,0.6637500000000001,2.64
64.0,Light,2023-03-09 01:30:00,2023-03-09 01:30:00,2023-03-09 01:30:00,10,0.16666666666666666,0.0,100.0,0.01,0.06,0.06
65.0,Moderate,2023-03-09 02:50:00,2023-03-09 06:10:00,2023-03-09 03:10:00,180,3.0,20.0,16.666666666666664,2.9499999999999997,0.9833333333333333,4.0200000000000005
66.0,Light,2023-03-10 11:00:00,2023-03-10 11:00:00,2023-03-10 11:00:00,10,0.16666666666666666,0.0,100.0,0.01,0.06,0.06
67.0,Light,2023-03-10 16:00:00,2023-03-10 16:30:00,2023-03-10 16:00:00,40,0.6666666666666666,0.0,25.0,0.2,0.30000000000000004,0.72
68.0,Light,2023-03-10 19:10:00,2023-03-10 19:10:00,2023-03-10 19:10:00,10,0.16666666666666666,0.0,100.0,0.27,1.62,1.62
69.0,Light,2023-03-10 21:20:00,2023-03-10 21:40:00,2023-03-10 21:40:00,30,0.5,20.0,100.0,0.14,0.28,0.42000000000000004
70.0,Light,2023-03-10 23:00:00,2023-03-10 23:00:00,2023-03-10 23:00:00,10,0.16666666666666666,0.0,100.0,0.01,0.06,0.06
71.0,Moderate,2023-03-12 09:10:00,2023-03-12 12:40:00,2023-03-12 10:00:00,180,3.0,50.0,33.33333333333333,1.7599999999999998,0.5866666666666667,2.64
72.0,Light,2023-03-12 15:10:00,2023-03-12 15:20:00,2023-03-12 15:10:00,20,0.3333333333333333,0.0,50.0,0.18000000000000002,0.54,1.02
73.0,Light,2023-03-13 08:40:00,2023-03-13 08:40:00,2023-03-13 08:40:00,10,0.16666666666666666,0.0,100.0,0.04,0.24,0.24
74.0,Moderate,2023-03-14 01:30:00,2023-03-14 03:20:00,2023-03-14 02:30:00,120,2.0,60.0,58.333333333333336,3.2799999999999994,1.6399999999999997,4.08
75.0,Moderate,2023-03-14 14:20:00,2023-03-14 16:00:00,2023-03-14 15:40:00,100,1.6666666666666667,80.0,90.0,1.1300000000000001,0.678,2.58
76.0,Light,2023-03-14 20:50:00,2023-03-14 21:00:00,2023-03-14 20:50:00,20,0.3333333333333333,0.0,50.0,0.35000000000000003,1.05,1.62
77.0,Moderate,2023-03-15 00:30:00,2023-03-15 05:30:00,2023-03-15 01:00:00,230,3.8333333333333335,30.0,17.391304347826086,4.879999999999999,1.2730434782608695,7.4399999999999995
78.0,Light,2023-03-15 20:10:00,2023-03-15 21:00:00,2023-03-15 21:00:00,40,0.6666666666666666,50.0,150.0,0.08,0.12,0.18
79.0,Moderate,2023-03-19 21:20:00,2023-03-19 22:40:00,2023-03-19 21:30:00,90,1.5,10.0,22.22222222222222,4.7299999999999995,3.153333333333333,7.4399999999999995
80.0,Light,2023-03-23 16:40:00,2023-03-23 16:50:00,2023-03-23 16:50:00,20,0.3333333333333333,10.0,100.0,0.06,0.18,0.24
81.0,Light,2023-03-23 22:20:00,2023-03-23 22:20:00,2023-03-23 22:20:00,10,0.16666666666666666,0.0,100.0,0.01,0.06,0.06
82.0,Light,2023-03-24 03:30:00,2023-03-24 03:40:00,2023-03-24 03:30:00,20,0.3333333333333333,0.0,50.0,0.02,0.06,0.06
83.0,Light,2023-03-24 05:30:00,2023-03-24 06:00:00,2023-03-24 05:50:00,40,0.6666666666666666,20.0,75.0,0.18000000000000002,0.27,0.6000000000000001
84.0,Light,2023-03-24 07:10:00,2023-03-24 11:40:00,2023-03-24 10:00:00,200,3.3333333333333335,170.0,90.0,1.33,0.39899999999999997,1.5
85.0,Light,2023-03-24 16:10:00,2023-03-24 17:10:00,2023-03-24 16:30:00,70,1.1666666666666667,20.0,42.857142857142854,0.7,0.5999999999999999,2.2800000000000002
86.0,Light,2023-03-26 07:30:00,2023-03-26 08:10:00,2023-03-26 07:50:00,50,0.8333333333333334,20.0,60.0,0.47000000000000003,0.5640000000000001,1.1400000000000001
87.0,Light,2023-03-26 09:20:00,2023-03-26 12:00:00,2023-03-26 11:00:00,130,2.1666666666666665,100.0,84.61538461538461,1.4200000000000002,0.6553846153846153,2.16
88.0,Light,2023-03-26 18:10:00,2023-03-26 18:10:00,2023-03-26 18:10:00,10,0.16666666666666666,0.0,100.0,0.02,0.12,0.12
89.0,Light,2023-03-27 01:20:00,2023-03-27 09:10:00,2023-03-27 04:10:00,390,6.5,170.0,46.15384615384615,4.3,0.6615384615384615,2.34
90.0,Light,2023-03-27 12:10:00,2023-03-27 12:10:00,2023-03-27 12:10:00,10,0.16666666666666666,0.0,100.0,0.01,0.06,0.06
91.0,Light,2023-03-27 16:30:00,2023-03-27 19:00:00,2023-03-27 17:00:00,70,1.1666666666666667,30.0,57.14285714285714,0.7500000000000001,0.6428571428571429,1.32
92.0,Light,2023-03-29 00:50:00,2023-03-29 01:50:00,2023-03-29 01:20:00,70,1.1666666666666667,30.0,57.14285714285714,0.3,0.2571428571428572,0.54
93.0,Light,2023-03-29 17:00:00,2023-03-29 17:50:00,2023-03-29 17:10:00,30,0.5,10.0,66.66666666666666,0.25,0.5,1.26
94.0,Light,2023-03-29 20:20:00,2023-03-29 20:30:00,2023-03-29 20:30:00,20,0.3333333333333333,10.0,100.0,0.18,0.5399999999999999,0.8999999999999999
95.0,Moderate,2023-03-30 03:00:00,2023-03-30 08:00:00,2023-03-30 05:10:00,220,3.6666666666666665,130.0,63.63636363636363,8.439999999999998,2.301818181818182,5.1
96.0,Moderate,2023-03-30 11:40:00,2023-03-30 12:50:00,2023-03-30 12:30:00,80,1.3333333333333333,50.0,75.0,2.0100000000000002,1.5075,4.68
97.0,Light,2023-03-30 14:10:00,2023-03-30 14:40:00,2023-03-30 14:20:00,40,0.6666666666666666,10.0,50.0,0.19,0.28500000000000003,0.66
98.0,Light,2023-03-30 20:00:00,2023-03-30 20:30:00,2023-03-30 20:10:00,40,0.6666666666666666,10.0,50.0,0.22000000000000003,0.33,0.42000000000000004
99.0,Moderate,2023-03-31 03:00:00,2023-03-31 05:30:00,2023-03-31 04:40:00,150,2.5,100.0,73.33333333333333,2.6199999999999997,1.048,2.52
100.0,Moderate,2023-03-31 07:30:00,2023-03-31 09:10:00,2023-03-31 07:40:00,60,1.0,10.0,33.33333333333333,1.3900000000000001,1.39,4.26
101.0,Light,2023-03-31 11:30:00,2023-03-31 11:40:00,2023-03-31 11:30:00,20,0.3333333333333333,0.0,50.0,0.30000000000000004,0.9,0.96
102.0,Moderate,2023-03-31 14:50:00,2023-03-31 15:10:00,2023-03-31 14:50:00,30,0.5,0.0,33.33333333333333,0.64,1.28,2.7600000000000002
103.0,Light,2023-03-31 17:10:00,2023-03-31 17:40:00,2023-03-31 17:10:00,40,0.6666666666666666,0.0,25.0,0.62,0.9299999999999999,1.26
104.0,Light,2023-04-01 11:10:00,2023-04-01 15:50:00,2023-04-01 12:30:00,160,2.6666666666666665,80.0,56.25,0.93,0.34875,0.8400000000000001
105.0,Light,2023-04-02 13:00:00,2023-04-02 17:30:00,2023-04-02 14:20:00,230,3.8333333333333335,80.0,39.130434782608695,2.789999999999999,0.7278260869565216,2.46
106.0,Light,2023-04-02 19:10:00,2023-04-02 19:10:00,2023-04-02 19:10:00,10,0.16666666666666666,0.0,100.0,0.01,0.06,0.06
107.0,Light,2023-04-02 22:50:00,2023-04-03 00:00:00,2023-04-02 22:50:00,40,0.6666666666666666,0.0,25.0,0.11,0.16499999999999998,0.24
108.0,Light,2023-04-08 08:40:00,2023-04-08 09:30:00,2023-04-08 09:00:00,60,1.0,20.0,50.0,0.30000000000000004,0.3,0.78
109.0,Light,2023-04-08 18:10:00,2023-04-08 18:10:00,2023-04-08 18:10:00,10,0.16666666666666666,0.0,100.0,0.01,0.06,0.06
110.0,Light,2023-04-11 05:00:00,2023-04-11 05:00:00,2023-04-11 05:00:00,10,0.16666666666666666,0.0,100.0,0.01,0.06,0.06
111.0,Moderate,2023-04-11 06:50:00,2023-04-11 08:30:00,2023-04-11 07:30:00,110,1.8333333333333333,40.0,45.45454545454545,1.58,0.8618181818181817,2.64
112.0,Light,2023-04-11 10:40:00,2023-04-11 10:40:00,2023-04-11 10:40:00,10,0.16666666666666666,0.0,100.0,0.01,0.06,0.06
113.0,Light,2023-04-12 02:10:00,2023-04-12 09:40:00,2023-04-12 03:50:00,450,7.5,100.0,24.444444444444443,3.2500000000000004,0.43333333333333324,1.08
114.0,Moderate,2023-04-12 17:40:00,2023-04-13 01:40:00,2023-04-12 19:00:00,460,7.666666666666667,80.0,19.565217391304348,16.340000000000003,2.131304347826087,5.82
115.0,Moderate,2023-04-13 18:50:00,2023-04-14 10:20:00,2023-04-14 01:30:00,880,14.666666666666666,400.0,46.590909090909086,11.990000000000002,0.8175,4.38
116.0,Light,2023-04-14 12:20:00,2023-04-14 13:30:00,2023-04-14 13:20:00,40,0.6666666666666666,60.0,175.0,0.15000000000000002,0.22500000000000003,0.66
117.0,Heavy,2023-04-14 15:30:00,2023-04-14 21:10:00,2023-04-14 17:50:00,290,4.833333333333333,140.0,51.724137931034484,9.41,1.9468965517241386,13.32
118.0,Light,2023-04-15 15:20:00,2023-04-16 00:00:00,2023-04-15 21:30:00,480,8.0,370.0,79.16666666666666,2.14,0.2675,0.96
119.0,Light,2023-04-16 04:00:00,2023-04-16 07:30:00,2023-04-16 05:00:00,200,3.3333333333333335,60.0,35.0,1.0,0.29999999999999993,0.8400000000000001
120.0,Light,2023-04-17 18:20:00,2023-04-17 21:20:00,2023-04-17 19:00:00,110,1.8333333333333333,40.0,45.45454545454545,0.5700000000000001,0.31090909090909097,1.02
121.0,Light,2023-04-18 15:10:00,2023-04-18 15:10:00,2023-04-18 15:10:00,10,0.16666666666666666,0.0,100.0,0.03,0.18,0.18
122.0,Light,2023-04-19 02:30:00,2023-04-19 03:50:00,2023-04-19 02:50:00,80,1.3333333333333333,20.0,37.5,0.22000000000000003,0.165,0.42000000000000004
123.0,Moderate,2023-04-19 11:50:00,2023-04-19 17:40:00,2023-04-19 14:10:00,360,6.0,140.0,41.66666666666667,12.06,2.01,4.92
124.0,Light,2023-04-20 02:20:00,2023-04-20 07:00:00,2023-04-20 02:20:00,240,4.0,0.0,4.166666666666666,0.91,0.22750000000000004,0.72
125.0,Light,2023-04-20 08:20:00,2023-04-20 08:30:00,2023-04-20 08:20:00,20,0.3333333333333333,0.0,50.0,0.04,0.12,0.12
126.0,Light,2023-04-23 05:00:00,2023-04-23 08:00:00,2023-04-23 06:50:00,150,2.5,110.0,80.0,1.4900000000000002,0.596,1.6800000000000002
127.0,Moderate,2023-04-23 19:10:00,2023-04-24 00:20:00,2023-04-23 20:30:00,260,4.333333333333333,80.0,34.61538461538461,7.67,1.7699999999999998,7.02
128.0,Light,2023-04-24 02:50:00,2023-04-24 04:20:00,2023-04-24 03:20:00,100,1.6666666666666667,30.0,40.0,1.0,0.6,1.26
129.0,Light,2023-04-24 08:30:00,2023-04-24 08:50:00,2023-04-24 08:40:00,30,0.5,10.0,66.66666666666666,0.12000000000000001,0.24000000000000002,0.42000000000000004
130.0,Heavy,2023-04-24 10:50:00,2023-04-24 11:30:00,2023-04-24 11:00:00,40,0.6666666666666666,10.0,50.0,2.07,3.105,10.92
131.0,Light,2023-04-24 13:20:00,2023-04-24 13:20:00,2023-04-24 13:20:00,10,0.16666666666666666,0.0,100.0,0.14,0.8400000000000001,0.8400000000000001
132.0,Light,2023-04-25 03:30:00,2023-04-25 03:30:00,2023-04-25 03:30:00,10,0.16666666666666666,0.0,100.0,0.04,0.24,0.24
133.0,Moderate,2023-04-25 05:50:00,2023-04-25 07:30:00,2023-04-25 07:20:00,80,1.3333333333333333,90.0,125.0,1.62,1.215,3.42
134.0,Light,2023-04-25 10:50:00,2023-04-25 16:50:00,2023-04-25 13:30:00,240,4.0,160.0,70.83333333333334,1.75,0.4375,1.7399999999999998
135.0,Moderate,2023-04-25 18:20:00,2023-04-25 18:50:00,2023-04-25 18:20:00,40,0.6666666666666666,0.0,25.0,0.89,1.3349999999999997,5.1
136.0,Light,2023-04-25 22:30:00,2023-04-26 03:20:00,2023-04-25 23:20:00,260,4.333333333333333,50.0,23.076923076923077,1.2500000000000002,0.28846153846153844,0.96
137.0,Light,2023-04-26 05:10:00,2023-04-26 06:10:00,2023-04-26 05:10:00,60,1.0,0.0,16.666666666666664,0.44000000000000006,0.44,0.8400000000000001
138.0,Light,2023-04-28 03:00:00,2023-04-28 05:00:00,2023-04-28 03:40:00,90,1.5,40.0,55.55555555555556,0.17,0.11333333333333334,0.24
139.0,Light,2023-04-28 06:50:00,2023-04-28 07:00:00,2023-04-28 06:50:00,20,0.3333333333333333,0.0,50.0,0.03,0.09,0.12
140.0,Heavy,2023-04-28 08:10:00,2023-04-28 12:30:00,2023-04-28 11:30:00,260,4.333333333333333,200.0,80.76923076923077,8.51,1.9638461538461536,7.68
141.0,Heavy,2023-04-28 15:00:00,2023-04-28 20:30:00,2023-04-28 17:00:00,340,5.666666666666667,120.0,38.23529411764706,20.81,3.672352941176471,13.379999999999999
142.0,Moderate,2023-05-01 09:40:00,2023-05-01 13:00:00,2023-05-01 10:40:00,210,3.5,60.0,33.33333333333333,2.92,0.8342857142857143,2.82
143.0,Light,2023-05-01 16:30:00,2023-05-01 22:50:00,2023-05-01 17:00:00,380,6.333333333333333,30.0,10.526315789473683,4.8199999999999985,0.7610526315789473,2.4000000000000004
144.0,Moderate,2023-05-02 11:10:00,2023-05-02 11:30:00,2023-05-02 11:10:00,30,0.5,0.0,33.33333333333333,1.22,2.4399999999999995,7.199999999999999
145.0,Light,2023-05-02 14:20:00,2023-05-02 14:20:00,2023-05-02 14:20:00,10,0.16666666666666666,0.0,100.0,0.06,0.36,0.36
146.0,Moderate,2023-05-02 16:40:00,2023-05-02 18:30:00,2023-05-02 17:30:00,100,1.6666666666666667,50.0,60.0,1.29,0.7739999999999998,2.64
147.0,Light,2023-05-03 04:50:00,2023-05-03 04:50:00,2023-05-03 04:50:00,10,0.16666666666666666,0.0,100.0,0.01,0.06,0.06
148.0,Light,2023-05-03 07:30:00,2023-05-03 07:30:00,2023-05-03 07:30:00,10,0.16666666666666666,0.0,100.0,0.01,0.06,0.06
149.0,Heavy,2023-05-05 19:10:00,2023-05-05 21:10:00,2023-05-05 19:10:00,130,2.1666666666666665,0.0,7.6923076923076925,13.9,6.415384615384617,40.38
150.0,Moderate,2023-05-09 21:30:00,2023-05-10 06:20:00,2023-05-09 21:50:00,540,9.0,20.0,5.555555555555555,7.819999999999999,0.868888888888889,5.82
151.0,Light,2023-05-10 10:30:00,2023-05-10 10:30:00,2023-05-10 10:30:00,10,0.16666666666666666,0.0,100.0,0.03,0.18,0.18
152.0,Moderate,2023-05-10 12:20:00,2023-05-12 01:50:00,2023-05-10 17:10:00,2160,36.0,290.0,13.88888888888889,37.62,1.0450000000000002,7.4399999999999995
153.0,Light,2023-05-12 03:50:00,2023-05-12 04:50:00,2023-05-12 04:00:00,60,1.0,10.0,33.33333333333333,0.7600000000000001,0.7599999999999999,2.34
154.0,Light,2023-05-13 08:50:00,2023-05-13 10:00:00,2023-05-13 08:50:00,30,0.5,0.0,33.33333333333333,0.060000000000000005,0.12,0.24
155.0,Light,2023-05-15 12:10:00,2023-05-15 12:20:00,2023-05-15 12:10:00,20,0.3333333333333333,0.0,50.0,0.02,0.06,0.06
156.0,Light,2023-05-15 13:30:00,2023-05-15 14:00:00,2023-05-15 13:50:00,40,0.6666666666666666,20.0,75.0,0.26,0.39,0.8400000000000001
157.0,Light,2023-05-15 15:10:00,2023-05-15 15:50:00,2023-05-15 15:10:00,50,0.8333333333333334,0.0,20.0,0.31000000000000005,0.37200000000000005,0.8400000000000001
158.0,Heavy,2023-05-16 08:00:00,2023-05-16 19:30:00,2023-05-16 11:00:00,600,10.0,180.0,31.666666666666664,11.989999999999998,1.1990000000000003,11.459999999999999
159.0,Light,2023-05-16 20:40:00,2023-05-16 21:10:00,2023-05-16 20:40:00,30,0.5,0.0,33.33333333333333,0.12,0.24000000000000007,0.6000000000000001
160.0,Light,2023-05-24 10:20:00,2023-05-24 10:30:00,2023-05-24 10:30:00,20,0.3333333333333333,10.0,100.0,0.15000000000000002,0.45,0.48
161.0,Heavy,2023-06-08 13:30:00,2023-06-08 14:20:00,2023-06-08 13:50:00,60,1.0,20.0,50.0,6.079999999999999,6.079999999999999,11.76
162.0,Moderate,2023-06-08 19:40:00,2023-06-08 20:10:00,2023-06-08 19:40:00,40,0.6666666666666666,0.0,25.0,0.97,1.4549999999999998,4.14
163.0,Light,2023-06-19 22:00:00,2023-06-19 23:00:00,2023-06-19 22:30:00,70,1.1666666666666667,30.0,57.14285714285714,1.09,0.9342857142857142,2.0999999999999996
164.0,Heavy,2023-06-20 20:00:00,2023-06-20 20:20:00,2023-06-20 20:00:00,30,0.5,0.0,33.33333333333333,4.949999999999999,9.9,23.16
165.0,Heavy,2023-06-22 17:20:00,2023-06-22 21:10:00,2023-06-22 19:50:00,140,2.3333333333333335,150.0,114.28571428571428,19.870000000000005,8.515714285714287,41.76
166.0,Light,2023-06-23 05:10:00,2023-06-23 07:00:00,2023-06-23 05:10:00,110,1.8333333333333333,0.0,9.090909090909092,0.78,0.4254545454545454,1.32
167.0,Light,2023-06-23 21:40:00,2023-06-23 21:40:00,2023-06-23 21:40:00,10,0.16666666666666666,0.0,100.0,0.01,0.06,0.06
168.0,Light,2023-06-27 23:50:00,2023-06-28 03:40:00,2023-06-28 01:50:00,240,4.0,120.0,54.166666666666664,1.99,0.49750000000000005,1.32
169.0,Light,2023-06-30 04:20:00,2023-06-30 08:40:00,2023-06-30 05:10:00,200,3.3333333333333335,50.0,30.0,1.5799999999999998,0.4739999999999999,1.8599999999999999
170.0,Heavy,2023-06-30 11:00:00,2023-06-30 11:40:00,2023-06-30 11:10:00,50,0.8333333333333334,10.0,40.0,2.73,3.276,7.92
171.0,Heavy,2023-06-30 13:10:00,2023-06-30 16:30:00,2023-06-30 14:20:00,110,1.8333333333333333,70.0,72.72727272727273,3.6999999999999997,2.018181818181818,7.74
172.0,Heavy,2023-06-30 20:50:00,2023-06-30 23:00:00,2023-06-30 20:50:00,130,2.1666666666666665,0.0,7.6923076923076925,7.279999999999999,3.36,10.98
173.0,Moderate,2023-07-01 01:50:00,2023-07-01 04:50:00,2023-07-01 02:40:00,160,2.6666666666666665,50.0,37.5,3.3200000000000003,1.245,2.94
174.0,Light,2023-07-01 22:10:00,2023-07-01 22:30:00,2023-07-01 22:20:00,30,0.5,10.0,66.66666666666666,0.28,0.56,1.44
175.0,Moderate,2023-07-02 03:20:00,2023-07-02 05:50:00,2023-07-02 03:20:00,110,1.8333333333333333,0.0,9.090909090909092,1.9100000000000001,1.041818181818182,4.32
176.0,Moderate,2023-07-02 07:00:00,2023-07-02 08:50:00,2023-07-02 07:30:00,100,1.6666666666666667,30.0,40.0,2.7899999999999996,1.674,6.0
177.0,Light,2023-07-04 02:30:00,2023-07-04 03:10:00,2023-07-04 03:00:00,40,0.6666666666666666,30.0,100.0,0.38,0.5700000000000001,1.2000000000000002
178.0,Moderate,2023-07-05 11:00:00,2023-07-05 12:30:00,2023-07-05 11:00:00,70,1.1666666666666667,0.0,14.285714285714285,2.0100000000000002,1.7228571428571429,6.300000000000001
179.0,Light,2023-07-10 09:20:00,2023-07-10 09:50:00,2023-07-10 09:40:00,40,0.6666666666666666,20.0,75.0,0.55,0.8250000000000001,1.44
180.0,Heavy,2023-07-11 22:00:00,2023-07-12 01:50:00,2023-07-11 22:10:00,170,2.8333333333333335,10.0,11.76470588235294,7.9799999999999995,2.816470588235294,20.04
181.0,Light,2023-07-12 06:50:00,2023-07-12 07:10:00,2023-07-12 07:10:00,30,0.5,20.0,100.0,0.13,0.26,0.54
182.0,Light,2023-07-12 14:10:00,2023-07-12 14:50:00,2023-07-12 14:20:00,30,0.5,10.0,66.66666666666666,0.1,0.20000000000000004,0.42000000000000004
183.0,Light,2023-07-12 16:00:00,2023-07-12 16:20:00,2023-07-12 16:10:00,30,0.5,10.0,66.66666666666666,0.13,0.26,0.66
184.0,Heavy,2023-07-12 19:50:00,2023-07-12 23:50:00,2023-07-12 20:20:00,240,4.0,30.0,16.666666666666664,6.92,1.7299999999999998,8.399999999999999
185.0,Heavy,2023-07-13 02:30:00,2023-07-13 05:40:00,2023-07-13 03:00:00,150,2.5,30.0,26.666666666666668,9.29,3.7160000000000006,20.700000000000003
186.0,Heavy,2023-07-16 04:30:00,2023-07-16 05:00:00,2023-07-16 04:30:00,40,0.6666666666666666,0.0,25.0,2.5999999999999996,3.9,12.36
187.0,Heavy,2023-07-17 02:50:00,2023-07-17 05:20:00,2023-07-17 03:40:00,120,2.0,50.0,50.0,8.19,4.095000000000001,18.0
188.0,Light,2023-07-18 13:00:00,2023-07-18 13:30:00,2023-07-18 13:20:00,40,0.6666666666666666,20.0,75.0,0.22,0.32999999999999996,0.8999999999999999
189.0,Light,2023-07-18 21:10:00,2023-07-18 21:10:00,2023-07-18 21:10:00,10,0.16666666666666666,0.0,100.0,0.08,0.48,0.48
190.0,Light,2023-07-20 03:40:00,2023-07-20 03:40:00,2023-07-20 03:40:00,10,0.16666666666666666,0.0,100.0,0.03,0.18,0.18
191.0,Moderate,2023-07-21 12:30:00,2023-07-21 13:10:00,2023-07-21 13:10:00,50,0.8333333333333334,40.0,100.0,1.44,1.7280000000000002,3.24
192.0,Heavy,2023-07-21 14:50:00,2023-07-21 16:40:00,2023-07-21 15:10:00,80,1.3333333333333333,20.0,37.5,8.440000000000001,6.330000000000001,35.400000000000006
193.0,Light,2023-07-21 18:30:00,2023-07-21 18:50:00,2023-07-21 18:40:00,30,0.5,10.0,66.66666666666666,0.31,0.62,0.8400000000000001
194.0,Moderate,2023-07-24 03:10:00,2023-07-24 04:50:00,2023-07-24 03:20:00,90,1.5,10.0,22.22222222222222,1.4300000000000002,0.9533333333333336,3.66
195.0,Moderate,2023-07-24 07:40:00,2023-07-24 08:00:00,2023-07-24 07:50:00,30,0.5,10.0,66.66666666666666,0.96,1.9199999999999997,4.199999999999999
196.0,Light,2023-07-24 09:30:00,2023-07-24 09:30:00,2023-07-24 09:30:00,10,0.16666666666666666,0.0,100.0,0.01,0.06,0.06
197.0,Light,2023-07-24 12:40:00,2023-07-24 14:10:00,2023-07-24 13:40:00,50,0.8333333333333334,60.0,140.0,0.7400000000000001,0.8880000000000001,1.62
198.0,Moderate,2023-07-24 16:40:00,2023-07-24 19:40:00,2023-07-24 19:20:00,140,2.3333333333333335,160.0,121.42857142857142,1.57,0.6728571428571427,2.82
199.0,Light,2023-07-25 02:20:00,2023-07-25 02:40:00,2023-07-25 02:30:00,30,0.5,10.0,66.66666666666666,0.28,0.5599999999999999,0.8999999999999999
200.0,Light,2023-07-25 05:50:00,2023-07-25 06:30:00,2023-07-25 06:10:00,50,0.8333333333333334,20.0,60.0,0.34,0.40800000000000003,0.72
201.0,Light,2023-07-25 08:30:00,2023-07-25 08:40:00,2023-07-25 08:30:00,20,0.3333333333333333,0.0,50.0,0.09,0.27,0.48
202.0,Moderate,2023-07-25 11:50:00,2023-07-25 13:10:00,2023-07-25 13:00:00,70,1.1666666666666667,70.0,114.28571428571428,1.32,1.1314285714285712,5.1
203.0,Heavy,2023-07-25 14:30:00,2023-07-25 14:40:00,2023-07-25 14:40:00,20,0.3333333333333333,10.0,100.0,6.359999999999999,19.08,26.82
204.0,Moderate,2023-07-25 16:20:00,2023-07-25 16:40:00,2023-07-25 16:20:00,30,0.5,0.0,33.33333333333333,0.77,1.54,3.3600000000000003
205.0,Moderate,2023-07-25 19:20:00,2023-07-25 19:50:00,2023-07-25 19:30:00,40,0.6666666666666666,10.0,50.0,1.64,2.46,4.5600000000000005
206.0,Moderate,2023-07-25 21:40:00,2023-07-26 04:10:00,2023-07-25 21:50:00,280,4.666666666666667,10.0,7.142857142857142,2.36,0.5057142857142857,3.5999999999999996
207.0,Light,2023-07-26 06:20:00,2023-07-26 07:40:00,2023-07-26 06:40:00,60,1.0,20.0,50.0,0.75,0.75,2.4000000000000004
208.0,Heavy,2023-07-26 11:50:00,2023-07-26 14:10:00,2023-07-26 11:50:00,80,1.3333333333333333,0.0,12.5,2.23,1.6725,9.120000000000001
209.0,Moderate,2023-07-26 17:10:00,2023-07-26 19:20:00,2023-07-26 18:40:00,100,1.6666666666666667,90.0,100.0,1.6600000000000001,0.9960000000000001,5.9399999999999995
210.0,Light,2023-07-27 15:40:00,2023-07-27 15:40:00,2023-07-27 15:40:00,10,0.16666666666666666,0.0,100.0,0.02,0.12,0.12
211.0,Light,2023-07-27 17:10:00,2023-07-27 17:50:00,2023-07-27 17:10:00,20,0.3333333333333333,0.0,50.0,0.02,0.06,0.06
212.0,Light,2023-07-28 14:30:00,2023-07-28 14:40:00,2023-07-28 14:40:00,20,0.3333333333333333,10.0,100.0,0.19,0.5700000000000001,0.8400000000000001
213.0,Heavy,2023-07-28 18:20:00,2023-07-28 19:00:00,2023-07-28 18:30:00,50,0.8333333333333334,10.0,40.0,2.68,3.2159999999999997,10.379999999999999
214.0,Light,2023-07-28 20:10:00,2023-07-28 20:10:00,2023-07-28 20:10:00,10,0.16666666666666666,0.0,100.0,0.01,0.06,0.06
215.0,Heavy,2023-07-29 06:20:00,2023-07-29 07:50:00,2023-07-29 07:00:00,80,1.3333333333333333,40.0,62.5,3.8900000000000006,2.9175,10.74
216.0,Heavy,2023-07-29 13:00:00,2023-07-29 15:40:00,2023-07-29 13:00:00,170,2.8333333333333335,0.0,5.88235294117647,6.139999999999999,2.1670588235294117,21.72
217.0,Light,2023-07-30 00:00:00,2023-07-30 00:20:00,2023-07-30 00:00:00,30,0.5,0.0,33.33333333333333,0.22000000000000003,0.4400000000000001,0.66
218.0,Moderate,2023-07-30 02:50:00,2023-07-30 03:30:00,2023-07-30 02:50:00,50,0.8333333333333334,0.0,20.0,1.46,1.752,4.4399999999999995
219.0,Heavy,2023-07-30 13:50:00,2023-07-30 14:00:00,2023-07-30 13:50:00,20,0.3333333333333333,0.0,50.0,1.95,5.85,10.74
220.0,Light,2023-07-31 21:40:00,2023-07-31 23:00:00,2023-07-31 21:40:00,40,0.6666666666666666,0.0,25.0,0.08,0.12,0.18
221.0,Light,2023-08-01 02:00:00,2023-08-01 02:00:00,2023-08-01 02:00:00,10,0.16666666666666666,0.0,100.0,0.07,0.42000000000000004,0.42000000000000004
222.0,Light,2023-08-01 03:20:00,2023-08-01 06:30:00,2023-08-01 05:10:00,190,3.1666666666666665,110.0,63.1578947368421,2.2899999999999996,0.7231578947368421,2.04
223.0,Light,2023-08-01 10:40:00,2023-08-01 12:30:00,2023-08-01 10:40:00,70,1.1666666666666667,0.0,14.285714285714285,0.27999999999999997,0.24000000000000002,0.8999999999999999
224.0,Moderate,2023-08-01 14:10:00,2023-08-01 15:50:00,2023-08-01 15:30:00,70,1.1666666666666667,80.0,128.57142857142858,1.24,1.062857142857143,2.64
225.0,Moderate,2023-08-02 07:00:00,2023-08-02 10:50:00,2023-08-02 10:10:00,230,3.8333333333333335,190.0,86.95652173913044,3.8099999999999996,0.9939130434782608,3.5999999999999996
226.0,Light,2023-08-02 18:20:00,2023-08-02 18:20:00,2023-08-02 18:20:00,10,0.16666666666666666,0.0,100.0,0.03,0.18,0.18
227.0,Light,2023-08-02 20:40:00,2023-08-02 21:00:00,2023-08-02 20:50:00,30,0.5,10.0,66.66666666666666,0.33,0.66,1.56
228.0,Moderate,2023-08-02 22:40:00,2023-08-03 01:30:00,2023-08-02 23:00:00,170,2.8333333333333335,20.0,17.647058823529413,2.5200000000000005,0.8894117647058823,3.3000000000000003
229.0,Moderate,2023-08-03 20:40:00,2023-08-04 05:30:00,2023-08-03 23:40:00,350,5.833333333333333,180.0,54.285714285714285,2.53,0.4337142857142858,3.06
230.0,Light,2023-08-05 04:10:00,2023-08-05 05:40:00,2023-08-05 04:50:00,100,1.6666666666666667,40.0,50.0,0.44000000000000006,0.264,0.78
231.0,Light,2023-08-05 07:20:00,2023-08-05 07:20:00,2023-08-05 07:20:00,10,0.16666666666666666,0.0,100.0,0.01,0.06,0.06
232.0,Light,2023-08-05 09:50:00,2023-08-05 10:20:00,2023-08-05 09:50:00,40,0.6666666666666666,0.0,25.0,0.18000000000000002,0.27,0.48
233.0,Heavy,2023-08-05 12:40:00,2023-08-05 14:10:00,2023-08-05 13:00:00,100,1.6666666666666667,20.0,30.0,6.3999999999999995,3.84,15.36
234.0,Light,2023-08-05 15:20:00,2023-08-05 16:20:00,2023-08-05 15:50:00,70,1.1666666666666667,30.0,57.14285714285714,0.44,0.3771428571428572,0.72
235.0,Moderate,2023-08-05 17:50:00,2023-08-05 18:50:00,2023-08-05 18:00:00,70,1.1666666666666667,10.0,28.57142857142857,1.4600000000000002,1.2514285714285716,3.66
236.0,Moderate,2023-08-05 20:10:00,2023-08-05 21:00:00,2023-08-05 20:40:00,60,1.0,30.0,66.66666666666666,1.97,1.97,5.9399999999999995
237.0,Light,2023-08-05 22:30:00,2023-08-05 22:30:00,2023-08-05 22:30:00,10,0.16666666666666666,0.0,100.0,0.01,0.06,0.06
238.0,Light,2023-08-06 00:40:00,2023-08-06 02:20:00,2023-08-06 01:50:00,110,1.8333333333333333,70.0,72.72727272727273,0.98,0.5345454545454545,1.7399999999999998
239.0,Light,2023-08-06 07:20:00,2023-08-06 07:50:00,2023-08-06 07:40:00,40,0.6666666666666666,20.0,75.0,0.42,0.6300000000000001,1.6800000000000002
240.0,Heavy,2023-08-06 12:50:00,2023-08-06 18:00:00,2023-08-06 16:10:00,270,4.5,200.0,77.77777777777779,11.899999999999999,2.644444444444444,32.82
241.0,Light,2023-08-07 00:50:00,2023-08-07 03:00:00,2023-08-07 01:50:00,140,2.3333333333333335,60.0,50.0,1.6800000000000002,0.7199999999999999,1.6800000000000002
242.0,Light,2023-08-09 03:00:00,2023-08-09 10:50:00,2023-08-09 10:00:00,350,5.833333333333333,420.0,122.85714285714286,2.8699999999999997,0.492,2.2800000000000002
243.0,Moderate,2023-08-09 21:00:00,2023-08-09 23:10:00,2023-08-09 21:30:00,140,2.3333333333333335,30.0,28.57142857142857,3.56,1.5257142857142856,3.24
244.0,Light,2023-08-10 02:10:00,2023-08-10 02:30:00,2023-08-10 02:10:00,30,0.5,0.0,33.33333333333333,0.09999999999999999,0.20000000000000004,0.48
245.0,Heavy,2023-08-13 19:00:00,2023-08-13 22:00:00,2023-08-13 19:10:00,150,2.5,10.0,13.333333333333334,5.6999999999999975,2.2800000000000007,23.04
246.0,Light,2023-08-15 15:10:00,2023-08-15 16:30:00,2023-08-15 15:30:00,90,1.5,20.0,33.33333333333333,1.0,0.6666666666666666,2.04
247.0,Moderate,2023-08-15 19:00:00,2023-08-15 19:20:00,2023-08-15 19:10:00,30,0.5,10.0,66.66666666666666,1.55,3.1,6.720000000000001
248.0,Heavy,2023-08-17 17:10:00,2023-08-17 20:20:00,2023-08-17 17:20:00,140,2.3333333333333335,10.0,14.285714285714285,3.7299999999999995,1.5985714285714283,13.32
249.0,Light,2023-08-17 21:30:00,2023-08-17 21:40:00,2023-08-17 21:30:00,20,0.3333333333333333,0.0,50.0,0.060000000000000005,0.18000000000000002,0.30000000000000004
250.0,Moderate,2023-08-24 21:00:00,2023-08-24 23:40:00,2023-08-24 21:40:00,170,2.8333333333333335,40.0,29.411764705882355,2.73,0.9635294117647059,3.4799999999999995
251.0,Light,2023-08-25 09:10:00,2023-08-25 09:10:00,2023-08-25 09:10:00,10,0.16666666666666666,0.0,100.0,0.07,0.42000000000000004,0.42000000000000004
252.0,Heavy,2023-08-25 15:10:00,2023-08-25 16:40:00,2023-08-25 15:20:00,50,0.8333333333333334,10.0,40.0,2.56,3.072,11.22
253.0,Light,2023-08-25 18:50:00,2023-08-25 21:40:00,2023-08-25 19:30:00,100,1.6666666666666667,40.0,50.0,0.9200000000000002,0.5519999999999999,2.34
254.0,Light,2023-08-25 22:50:00,2023-08-25 23:40:00,2023-08-25 23:40:00,40,0.6666666666666666,50.0,150.0,0.06,0.09,0.18
255.0,Heavy,2023-08-26 00:50:00,2023-08-26 04:40:00,2023-08-26 03:10:00,190,3.1666666666666665,140.0,78.94736842105263,8.769999999999998,2.7694736842105256,14.64
256.0,Heavy,2023-08-26 14:40:00,2023-08-26 17:40:00,2023-08-26 14:50:00,150,2.5,10.0,13.333333333333334,14.520000000000003,5.808000000000001,39.0
257.0,Heavy,2023-08-27 01:30:00,2023-08-28 10:10:00,2023-08-28 08:50:00,1910,31.833333333333332,1880.0,98.95287958115183,56.39,1.7714136125654452,7.92
258.0,Moderate,2023-08-28 13:10:00,2023-08-28 17:10:00,2023-08-28 14:50:00,210,3.5,100.0,52.38095238095239,2.6999999999999997,0.7714285714285714,3.3000000000000003
259.0,Heavy,2023-08-28 18:20:00,2023-08-30 01:20:00,2023-08-29 12:50:00,1740,29.0,1110.0,64.36781609195403,35.3,1.217241379310345,9.06
260.0,Light,2023-08-30 03:10:00,2023-08-30 08:10:00,2023-08-30 04:00:00,180,3.0,50.0,33.33333333333333,0.6500000000000001,0.21666666666666667,0.78
261.0,Light,2023-08-31 02:40:00,2023-08-31 03:10:00,2023-08-31 02:50:00,40,0.6666666666666666,10.0,50.0,0.8300000000000001,1.245,2.2800000000000002
262.0,Moderate,2023-08-31 23:10:00,2023-09-01 02:40:00,2023-09-01 01:10:00,140,2.3333333333333335,120.0,92.85714285714286,2.549999999999999,1.092857142857143,4.4399999999999995
263.0,Light,2023-09-01 04:20:00,2023-09-01 04:20:00,2023-09-01 04:20:00,10,0.16666666666666666,0.0,100.0,0.01,0.06,0.06
264.0,Light,2023-09-12 19:10:00,2023-09-12 19:20:00,2023-09-12 19:10:00,20,0.3333333333333333,0.0,50.0,0.04,0.12,0.18
265.0,Light,2023-09-13 05:50:00,2023-09-13 06:50:00,2023-09-13 06:30:00,70,1.1666666666666667,40.0,71.42857142857143,1.28,1.0971428571428572,2.4000000000000004
266.0,Heavy,2023-09-13 11:30:00,2023-09-13 19:50:00,2023-09-13 11:50:00,510,8.5,20.0,5.88235294117647,18.43,2.168235294117647,11.76
267.0,Light,2023-09-13 21:10:00,2023-09-13 21:40:00,2023-09-13 21:10:00,40,0.6666666666666666,0.0,25.0,0.23,0.34500000000000003,0.8400000000000001
268.0,Light,2023-09-18 13:10:00,2023-09-18 14:20:00,2023-09-18 13:10:00,80,1.3333333333333333,0.0,12.5,1.1,0.825,2.2199999999999998
269.0,Moderate,2023-09-22 03:20:00,2023-09-22 17:20:00,2023-09-22 10:20:00,850,14.166666666666666,420.0,50.588235294117645,14.12,0.9967058823529413,2.88
270.0,Light,2023-09-22 23:40:00,2023-09-22 23:50:00,2023-09-22 23:40:00,20,0.3333333333333333,0.0,50.0,0.1,0.3,0.48
271.0,Light,2023-09-23 01:50:00,2023-09-23 02:50:00,2023-09-23 02:20:00,70,1.1666666666666667,30.0,57.14285714285714,0.27,0.23142857142857146,0.66
272.0,Light,2023-10-03 17:50:00,2023-10-03 17:50:00,2023-10-03 17:50:00,10,0.16666666666666666,0.0,100.0,0.05,0.30000000000000004,0.30000000000000004
273.0,Light,2023-10-03 19:00:00,2023-10-03 19:00:00,2023-10-03 19:00:00,10,0.16666666666666666,0.0,100.0,0.06,0.36,0.36
274.0,Light,2023-10-09 14:00:00,2023-10-09 14:20:00,2023-10-09 14:10:00,30,0.5,10.0,66.66666666666666,0.19999999999999998,0.39999999999999997,0.66
275.0,Moderate,2023-10-14 14:10:00,2023-10-14 17:10:00,2023-10-14 15:40:00,150,2.5,90.0,66.66666666666666,4.840000000000001,1.936,6.84
276.0,Moderate,2023-10-15 09:00:00,2023-10-15 12:00:00,2023-10-15 09:00:00,110,1.8333333333333333,0.0,9.090909090909092,1.3000000000000003,0.7090909090909091,2.7
277.0,Light,2023-10-15 13:20:00,2023-10-15 13:40:00,2023-10-15 13:30:00,30,0.5,10.0,66.66666666666666,0.48000000000000004,0.96,1.26
278.0,Moderate,2023-10-18 17:40:00,2023-10-18 19:10:00,2023-10-18 18:40:00,90,1.5,60.0,77.77777777777779,1.61,1.0733333333333333,3.7199999999999998
279.0,Light,2023-10-19 09:50:00,2023-10-19 09:50:00,2023-10-19 09:50:00,10,0.16666666666666666,0.0,100.0,0.01,0.06,0.06
280.0,Light,2023-10-19 12:00:00,2023-10-19 12:00:00,2023-10-19 12:00:00,10,0.16666666666666666,0.0,100.0,0.03,0.18,0.18
281.0,Light,2023-10-19 14:30:00,2023-10-19 14:40:00,2023-10-19 14:30:00,20,0.3333333333333333,0.0,50.0,0.13999999999999999,0.42,0.72
282.0,Moderate,2023-10-21 16:30:00,2023-10-21 20:00:00,2023-10-21 17:30:00,190,3.1666666666666665,60.0,36.84210526315789,3.3599999999999994,1.0610526315789472,3.7800000000000002
283.0,Light,2023-10-22 02:40:00,2023-10-22 02:50:00,2023-10-22 02:40:00,20,0.3333333333333333,0.0,50.0,0.19999999999999998,0.6000000000000001,1.08
284.0,Light,2023-10-24 09:20:00,2023-10-24 12:50:00,2023-10-24 12:10:00,180,3.0,170.0,100.0,0.71,0.23666666666666666,0.6000000000000001
285.0,Light,2023-10-24 15:10:00,2023-10-24 18:00:00,2023-10-24 17:00:00,170,2.8333333333333335,110.0,70.58823529411765,1.03,0.36352941176470593,1.2000000000000002
286.0,Light,2023-10-24 19:20:00,2023-10-24 23:10:00,2023-10-24 20:40:00,180,3.0,80.0,50.0,1.07,0.35666666666666663,1.56
287.0,Light,2023-10-25 01:00:00,2023-10-25 02:30:00,2023-10-25 01:10:00,50,0.8333333333333334,10.0,40.0,0.23000000000000004,0.276,0.54
288.0,Light,2023-10-25 17:50:00,2023-10-25 18:50:00,2023-10-25 18:40:00,40,0.6666666666666666,50.0,150.0,0.53,0.795,2.46
289.0,Light,2023-10-25 20:10:00,2023-10-25 20:20:00,2023-10-25 20:10:00,20,0.3333333333333333,0.0,50.0,0.24,0.72,0.96
290.0,Light,2023-10-25 21:30:00,2023-10-25 22:10:00,2023-10-25 21:40:00,50,0.8333333333333334,10.0,40.0,0.42000000000000004,0.504,0.78
291.0,Light,2023-10-26 06:10:00,2023-10-26 07:30:00,2023-10-26 06:20:00,90,1.5,10.0,22.22222222222222,0.68,0.45333333333333337,1.2000000000000002
292.0,Light,2023-10-26 09:00:00,2023-10-26 11:30:00,2023-10-26 10:00:00,130,2.1666666666666665,60.0,53.84615384615385,1.96,0.9046153846153846,1.92
293.0,Light,2023-10-26 13:30:00,2023-10-26 14:00:00,2023-10-26 13:40:00,40,0.6666666666666666,10.0,50.0,0.12,0.18,0.48
294.0,Moderate,2023-10-26 20:10:00,2023-10-27 08:30:00,2023-10-27 02:40:00,700,11.666666666666666,390.0,57.14285714285714,15.25,1.3071428571428574,5.04
295.0,Light,2023-10-28 00:10:00,2023-10-28 00:50:00,2023-10-28 00:40:00,50,0.8333333333333334,30.0,80.0,0.36999999999999994,0.44399999999999995,0.8999999999999999
296.0,Moderate,2023-10-30 17:00:00,2023-10-31 03:50:00,2023-10-30 23:10:00,560,9.333333333333334,370.0,67.85714285714286,9.88,1.0585714285714285,5.46
297.0,Light,2023-10-31 05:00:00,2023-10-31 06:40:00,2023-10-31 06:00:00,100,1.6666666666666667,60.0,70.0,0.8800000000000001,0.5279999999999999,1.62
298.0,Light,2023-10-31 18:00:00,2023-10-31 18:30:00,2023-10-31 18:00:00,40,0.6666666666666666,0.0,25.0,0.11,0.16499999999999998,0.24
299.0,Light,2023-10-31 19:50:00,2023-10-31 20:00:00,2023-10-31 19:50:00,20,0.3333333333333333,0.0,50.0,0.11,0.33,0.36
300.0,Light,2023-10-31 21:20:00,2023-10-31 21:40:00,2023-10-31 21:40:00,20,0.3333333333333333,20.0,150.0,0.05,0.15,0.24
301.0,Light,2023-11-02 11:50:00,2023-11-02 11:50:00,2023-11-02 11:50:00,10,0.16666666666666666,0.0,100.0,0.01,0.06,0.06
302.0,Moderate,2023-11-02 13:30:00,2023-11-02 20:40:00,2023-11-02 19:10:00,440,7.333333333333333,340.0,79.54545454545455,14.21,1.9377272727272727,4.92
303.0,Light,2023-11-03 01:50:00,2023-11-03 01:50:00,2023-11-03 01:50:00,10,0.16666666666666666,0.0,100.0,0.02,0.12,0.12
304.0,Light,2023-11-03 08:50:00,2023-11-03 08:50:00,2023-11-03 08:50:00,10,0.16666666666666666,0.0,100.0,0.02,0.12,0.12
305.0,Moderate,2023-11-03 11:00:00,2023-11-03 18:10:00,2023-11-03 14:20:00,330,5.5,200.0,63.63636363636363,2.5,0.4545454545454546,2.94
306.0,Light,2023-11-03 19:30:00,2023-11-03 21:10:00,2023-11-03 20:30:00,110,1.8333333333333333,60.0,63.63636363636363,0.39,0.2127272727272727,0.72
307.0,Light,2023-11-04 15:40:00,2023-11-04 19:50:00,2023-11-04 16:30:00,200,3.3333333333333335,50.0,30.0,1.9100000000000004,0.5730000000000001,1.7999999999999998
308.0,Light,2023-11-05 10:40:00,2023-11-05 12:20:00,2023-11-05 10:40:00,60,1.0,0.0,16.666666666666664,0.21000000000000002,0.20999999999999996,0.24
309.0,Light,2023-11-06 21:40:00,2023-11-06 23:40:00,2023-11-06 21:40:00,120,2.0,0.0,8.333333333333332,1.1300000000000001,0.565,1.26
310.0,Light,2023-11-07 10:50:00,2023-11-07 11:00:00,2023-11-07 10:50:00,20,0.3333333333333333,0.0,50.0,0.13,0.39,0.6000000000000001
311.0,Light,2023-11-07 14:40:00,2023-11-07 14:40:00,2023-11-07 14:40:00,10,0.16666666666666666,0.0,100.0,0.39,2.34,2.34
312.0,Light,2023-11-10 09:20:00,2023-11-10 10:10:00,2023-11-10 09:50:00,60,1.0,30.0,66.66666666666666,0.26,0.25999999999999995,0.54
313.0,Light,2023-11-11 02:10:00,2023-11-11 03:10:00,2023-11-11 02:20:00,60,1.0,10.0,33.33333333333333,0.39,0.38999999999999996,1.26
314.0,Light,2023-11-11 06:20:00,2023-11-11 06:40:00,2023-11-11 06:20:00,30,0.5,0.0,33.33333333333333,0.12,0.24,0.54
315.0,Moderate,2023-11-11 12:30:00,2023-11-11 12:50:00,2023-11-11 12:40:00,30,0.5,10.0,66.66666666666666,1.05,2.1,4.32
316.0,Light,2023-11-11 14:40:00,2023-11-11 14:40:00,2023-11-11 14:40:00,10,0.16666666666666666,0.0,100.0,0.01,0.06,0.06
317.0,Moderate,2023-11-12 01:10:00,2023-11-12 01:30:00,2023-11-12 01:10:00,30,0.5,0.0,33.33333333333333,0.7000000000000001,1.4000000000000001,3.18
318.0,Moderate,2023-11-12 15:10:00,2023-11-13 05:30:00,2023-11-13 03:40:00,860,14.333333333333334,750.0,88.37209302325581,18.639999999999997,1.30046511627907,4.26
319.0,Moderate,2023-11-13 08:00:00,2023-11-13 15:40:00,2023-11-13 10:00:00,450,7.5,120.0,28.888888888888886,6.55,0.8733333333333334,3.4799999999999995
320.0,Light,2023-11-13 17:20:00,2023-11-13 20:00:00,2023-11-13 18:00:00,140,2.3333333333333335,40.0,35.714285714285715,1.84,0.7885714285714286,2.4000000000000004
321.0,Light,2023-11-13 21:30:00,2023-11-13 21:30:00,2023-11-13 21:30:00,10,0.16666666666666666,0.0,100.0,0.04,0.24,0.24
322.0,Moderate,2023-11-13 22:50:00,2023-11-14 06:30:00,2023-11-14 05:10:00,410,6.833333333333333,380.0,95.1219512195122,6.66,0.9746341463414634,3.84
323.0,Heavy,2023-11-14 13:50:00,2023-11-14 22:10:00,2023-11-14 21:10:00,490,8.166666666666666,440.0,91.83673469387756,15.27,1.869795918367347,14.52
324.0,Light,2023-11-15 01:30:00,2023-11-15 01:40:00,2023-11-15 01:40:00,20,0.3333333333333333,10.0,100.0,0.15,0.45,0.54
325.0,Light,2023-11-15 09:50:00,2023-11-15 10:00:00,2023-11-15 09:50:00,20,0.3333333333333333,0.0,50.0,0.06999999999999999,0.21,0.36
326.0,Moderate,2023-11-15 11:30:00,2023-11-15 15:20:00,2023-11-15 13:00:00,150,2.5,90.0,66.66666666666666,1.67,0.6679999999999998,3.0
327.0,Light,2023-11-15 17:40:00,2023-11-15 17:50:00,2023-11-15 17:40:00,20,0.3333333333333333,0.0,50.0,0.28,0.8400000000000001,1.1400000000000001
328.0,Heavy,2023-11-16 17:40:00,2023-11-17 10:20:00,2023-11-16 23:30:00,930,15.5,350.0,38.70967741935484,32.73,2.1116129032258066,9.66
329.0,Moderate,2023-11-18 18:30:00,2023-11-19 06:30:00,2023-11-19 04:00:00,720,12.0,570.0,80.55555555555556,22.25,1.8541666666666667,5.58
330.0,Light,2023-11-19 09:50:00,2023-11-19 09:50:00,2023-11-19 09:50:00,10,0.16666666666666666,0.0,100.0,0.02,0.12,0.12
331.0,Light,2023-11-20 23:10:00,2023-11-21 00:40:00,2023-11-21 00:30:00,100,1.6666666666666667,80.0,90.0,0.92,0.5519999999999999,1.62
332.0,Light,2023-11-21 02:30:00,2023-11-21 03:10:00,2023-11-21 02:40:00,50,0.8333333333333334,10.0,40.0,0.61,0.732,2.2199999999999998
333.0,Heavy,2023-11-21 12:50:00,2023-11-21 14:40:00,2023-11-21 12:50:00,80,1.3333333333333333,0.0,12.5,2.4000000000000004,1.8000000000000003,8.100000000000001
334.0,Moderate,2023-11-21 15:50:00,2023-11-21 17:40:00,2023-11-21 15:50:00,70,1.1666666666666667,0.0,14.285714285714285,1.52,1.302857142857143,5.82
335.0,Light,2023-11-21 19:20:00,2023-11-21 19:40:00,2023-11-21 19:30:00,30,0.5,10.0,66.66666666666666,0.23000000000000004,0.46,1.02
336.0,Light,2023-11-21 22:40:00,2023-11-21 23:40:00,2023-11-21 22:50:00,50,0.8333333333333334,10.0,40.0,0.08,0.096,0.18
337.0,Light,2023-11-22 02:10:00,2023-11-22 02:10:00,2023-11-22 02:10:00,10,0.16666666666666666,0.0,100.0,0.01,0.06,0.06
338.0,Moderate,2023-11-24 07:00:00,2023-11-24 14:50:00,2023-11-24 14:40:00,400,6.666666666666667,460.0,117.5,7.26,1.089,4.74
339.0,Heavy,2023-11-24 16:20:00,2023-11-24 18:10:00,2023-11-24 17:20:00,80,1.3333333333333333,60.0,87.5,3.7399999999999998,2.805,10.32
340.0,Light,2023-11-24 19:50:00,2023-11-24 20:20:00,2023-11-24 20:10:00,40,0.6666666666666666,20.0,75.0,0.11,0.16499999999999998,0.24
341.0,Light,2023-11-24 23:20:00,2023-11-24 23:20:00,2023-11-24 23:20:00,10,0.16666666666666666,0.0,100.0,0.01,0.06,0.06
342.0,Light,2023-11-25 01:20:00,2023-11-25 02:10:00,2023-11-25 01:40:00,50,0.8333333333333334,20.0,60.0,0.26,0.312,0.8999999999999999
343.0,Light,2023-11-25 14:50:00,2023-11-26 00:00:00,2023-11-25 23:10:00,460,7.666666666666667,500.0,110.86956521739131,2.4899999999999993,0.32478260869565223,1.1400000000000001
344.0,Moderate,2023-11-27 17:50:00,2023-11-28 20:40:00,2023-11-28 13:40:00,1400,23.333333333333332,1190.0,85.71428571428571,16.19,0.693857142857143,3.06
345.0,Moderate,2023-11-30 09:50:00,2023-12-02 16:00:00,2023-12-01 20:10:00,3170,52.833333333333336,2060.0,65.29968454258676,61.85000000000001,1.1706624605678235,4.26
346.0,Light,2023-12-02 20:00:00,2023-12-02 20:20:00,2023-12-02 20:10:00,30,0.5,10.0,66.66666666666666,0.04,0.08,0.12
347.0,Light,2023-12-05 01:00:00,2023-12-05 03:40:00,2023-12-05 02:10:00,130,2.1666666666666665,70.0,61.53846153846154,0.8700000000000001,0.4015384615384615,1.26
348.0,Light,2023-12-06 02:50:00,2023-12-06 06:30:00,2023-12-06 04:30:00,160,2.6666666666666665,100.0,68.75,0.43,0.16125,0.48
349.0,Light,2023-12-08 16:10:00,2023-12-09 04:10:00,2023-12-08 23:40:00,690,11.5,450.0,66.66666666666666,6.85,0.5956521739130434,1.5
350.0,Light,2023-12-09 07:40:00,2023-12-09 07:50:00,2023-12-09 07:50:00,20,0.3333333333333333,10.0,100.0,0.08,0.24000000000000002,0.42000000000000004
351.0,Moderate,2023-12-09 19:10:00,2023-12-10 00:00:00,2023-12-09 21:40:00,260,4.333333333333333,150.0,61.53846153846154,6.29,1.4515384615384617,3.66
352.0,Light,2023-12-10 02:00:00,2023-12-10 02:20:00,2023-12-10 02:00:00,20,0.3333333333333333,0.0,50.0,0.47000000000000003,1.4100000000000001,1.98
353.0,Light,2023-12-10 05:00:00,2023-12-10 05:20:00,2023-12-10 05:00:00,30,0.5,0.0,33.33333333333333,0.4,0.7999999999999999,1.92
354.0,Moderate,2023-12-10 22:10:00,2023-12-11 04:10:00,2023-12-11 02:30:00,240,4.0,260.0,112.5,3.08,0.77,4.5
355.0,Light,2023-12-11 12:20:00,2023-12-11 13:20:00,2023-12-11 12:20:00,20,0.3333333333333333,0.0,50.0,0.05,0.15,0.24
356.0,Moderate,2023-12-12 11:20:00,2023-12-12 22:40:00,2023-12-12 21:10:00,620,10.333333333333334,590.0,96.7741935483871,13.289999999999997,1.2861290322580647,3.3000000000000003
357.0,Light,2023-12-13 00:40:00,2023-12-13 01:20:00,2023-12-13 00:40:00,50,0.8333333333333334,0.0,20.0,0.31000000000000005,0.372,0.66
358.0,Light,2023-12-13 03:40:00,2023-12-13 03:40:00,2023-12-13 03:40:00,10,0.16666666666666666,0.0,100.0,0.01,0.06,0.06
359.0,Light,2023-12-13 12:50:00,2023-12-13 13:10:00,2023-12-13 12:50:00,30,0.5,0.0,33.33333333333333,0.19,0.38000000000000006,0.54
360.0,Light,2023-12-13 18:50:00,2023-12-13 21:30:00,2023-12-13 20:20:00,170,2.8333333333333335,90.0,58.82352941176471,2.5900000000000003,0.9141176470588235,2.0999999999999996
361.0,Light,2023-12-14 01:40:00,2023-12-14 03:00:00,2023-12-14 02:10:00,90,1.5,30.0,44.44444444444444,1.1,0.7333333333333334,1.7399999999999998
362.0,Moderate,2023-12-14 09:40:00,2023-12-14 11:00:00,2023-12-14 10:50:00,90,1.5,70.0,88.88888888888889,1.19,0.7933333333333334,2.7600000000000002
363.0,Light,2023-12-14 19:00:00,2023-12-14 21:10:00,2023-12-14 20:00:00,90,1.5,60.0,77.77777777777779,0.77,0.5133333333333333,1.8599999999999999
364.0,Light,2023-12-14 22:40:00,2023-12-14 23:50:00,2023-12-14 23:40:00,80,1.3333333333333333,60.0,87.5,0.5800000000000001,0.43500000000000005,1.1400000000000001
365.0,Light,2023-12-15 02:00:00,2023-12-15 04:10:00,2023-12-15 02:00:00,60,1.0,0.0,16.666666666666664,0.19000000000000003,0.19000000000000003,0.6000000000000001
366.0,Light,2023-12-15 21:10:00,2023-12-15 23:30:00,2023-12-15 22:00:00,70,1.1666666666666667,50.0,85.71428571428571,0.09000000000000001,0.07714285714285715,0.12
367.0,Light,2023-12-20 05:10:00,2023-12-20 07:20:00,2023-12-20 06:40:00,140,2.3333333333333335,90.0,71.42857142857143,1.49,0.6385714285714286,1.3800000000000001
368.0,Light,2023-12-20 08:50:00,2023-12-20 08:50:00,2023-12-20 08:50:00,10,0.16666666666666666,0.0,100.0,0.01,0.06,0.06
369.0,Light,2023-12-20 13:10:00,2023-12-20 13:30:00,2023-12-20 13:10:00,30,0.5,0.0,33.33333333333333,0.11,0.22,0.30000000000000004
370.0,Light,2023-12-21 02:30:00,2023-12-21 03:00:00,2023-12-21 02:40:00,40,0.6666666666666666,10.0,50.0,0.13,0.195,0.48
371.0,Light,2023-12-21 14:50:00,2023-12-21 16:00:00,2023-12-21 14:50:00,60,1.0,0.0,16.666666666666664,0.28,0.2800000000000001,0.8400000000000001
372.0,Light,2023-12-21 21:10:00,2023-12-21 22:00:00,2023-12-21 21:20:00,50,0.8333333333333334,10.0,40.0,0.33,0.396,0.72
373.0,Heavy,2023-12-21 23:20:00,2023-12-22 02:40:00,2023-12-22 00:20:00,190,3.1666666666666665,60.0,36.84210526315789,7.390000000000001,2.333684210526316,13.14
374.0,Moderate,2023-12-22 05:20:00,2023-12-23 09:10:00,2023-12-22 06:10:00,1490,24.833333333333332,50.0,4.026845637583892,15.85,0.6382550335570469,4.5
375.0,Moderate,2023-12-24 08:40:00,2023-12-24 13:40:00,2023-12-24 10:10:00,270,4.5,90.0,37.03703703703704,5.24,1.1644444444444444,2.7
376.0,Light,2023-12-24 15:40:00,2023-12-24 15:50:00,2023-12-24 15:50:00,20,0.3333333333333333,10.0,100.0,0.05,0.15,0.24
377.0,Light,2023-12-24 17:10:00,2023-12-24 17:50:00,2023-12-24 17:20:00,50,0.8333333333333334,10.0,40.0,0.54,0.648,1.7999999999999998
378.0,Light,2023-12-26 18:10:00,2023-12-26 18:10:00,2023-12-26 18:10:00,10,0.16666666666666666,0.0,100.0,0.02,0.12,0.12
379.0,Light,2023-12-31 16:40:00,2023-12-31 19:20:00,2023-12-31 17:20:00,170,2.8333333333333335,40.0,29.411764705882355,3.5,1.235294117647059,2.2800000000000002
