detector_id,group_id,direction_id,lon,lat,matched,edge_id,lane_id,lane_pos,distance_m,search_radius_m
77349407_dir1_lane0,77349407_dir1,dir1,11.4630254365422,48.284584403701146,False,,,,,
76359404_dir2_lane0,76359404_dir2,dir2,11.507780303754444,48.29886527817035,False,,,,,
77339100_dir1_lane0,77339100_dir1,dir1,11.305249950890278,48.20442980761122,True,-519372143#0,-519372143#0_0,700.17,1.11,60
78339104_dir2_lane0,78339104_dir2,dir2,11.283368852144577,48.19331802094628,True,519388800,519388800_0,1109.61,0.76,60
78339109_dir1_lane0,78339109_dir1,dir1,11.263701190796281,48.17493165083671,True,40525485#3,40525485#3_0,59.99,1.51,60
78339100_dir2_lane0,78339100_dir2,dir2,11.279976248682242,48.16448976422868,True,37483196#3,37483196#3_0,208.84,1.06,60
76339404_dir1_lane0,76339404_dir1,dir1,11.282107957387666,48.3347605962595,False,,,,,
76339401_dir2_lane0,76339401_dir2,dir2,11.285801919937107,48.30470365382778,False,,,,,
76339403_dir1_lane0,76339403_dir1,dir1,11.326065145180106,48.3117607390584,True,204010540#8,204010540#8_0,67.15,0.45,60
76349400_dir2_lane0,76349400_dir2,dir2,11.345673912588724,48.30701997612487,True,10564764#0,10564764#0_0,5.0,642.78,800
76349404_dir1_lane0,76349404_dir1,dir1,11.365019383585478,48.343129197286935,False,,,,,
76349401_dir2_lane0,76349401_dir2,dir2,11.386989646508733,48.314124236579495,False,,,,,
78339108_dir1_lane0,78339108_dir1,dir1,11.22563509339573,48.189926884654305,True,34505849#1,34505849#1_0,78.04,0.37,60
77339400_dir2_lane0,77339400_dir2,dir2,11.237754503866963,48.20451105093633,True,-197699509,-197699509_0,292.42,0.65,60
77339401_dir1_lane0,77339401_dir1,dir1,11.270470360849888,48.22753665001146,False,,,,,
77339408_dir2_lane0,77339408_dir2,dir2,11.269660342415563,48.27513197014168,True,-184627122#0,-184627122#0_0,171.73,0.85,60
77349403_dir1_lane0,77349403_dir1,dir1,11.456510815763979,48.28220393555333,False,,,,,
77339403_dir2_lane0,77339403_dir2,dir2,11.270881470395363,48.28282504875779,True,38870391,38870391_0,5.0,88.45,100
76339410_dir1_lane0,76339410_dir1,dir1,11.21455057352159,48.30522675666152,True,-158057242#1,-158057242#1_0,14.66,0.06,60
77339402_dir2_lane0,77339402_dir2,dir2,11.273279243325705,48.21523876823859,True,175877084,175877084_0,208.63,0.77,60
77349100_dir1_lane0,77349100_dir1,dir1,11.406615783457939,48.254433612446654,False,,,,,
77349400_dir2_lane0,77349400_dir2,dir2,11.406240283205486,48.27731066000775,False,,,,,
