detector_id,group_id,direction_id,lon,lat,matched,edge_id,lane_id,lane_pos,distance_m,search_radius_m,DTV
77339100_dir1_lane0,77339100_dir1,dir1,11.305249950890278,48.20442980761122,TRUE,-519372143#0,-519372143#0_0,700.17,1.11,60,27057
78339104_dir2_lane0,78339104_dir2,dir2,11.283368852144577,48.19331802094628,TRUE,519388800,519388800_0,1109.61,0.76,60,24296
78339109_dir1_lane0,78339109_dir1,dir1,11.263701190796281,48.17493165083671,TRUE,40525485#3,40525485#3_0,59.99,1.51,60,14538
78339100_dir2_lane0,78339100_dir2,dir2,11.279976248682242,48.16448976422868,TRUE,37483196#3,37483196#3_0,208.84,1.06,60,18491
76339403_dir1_lane0,76339403_dir1,dir1,11.326065145180106,48.31176074,TRUE,204010540#8,204010540#8_0,67.15,0.45,60,4849
76349400_dir2_lane0,76349400_dir2,dir2,11.345673912588724,48.30701997612487,TRUE,10564764#0,10564764#0_0,5,642.78,800,7334
78339108_dir1_lane0,78339108_dir1,dir1,11.22563509339573,48.189926884654305,TRUE,34505849#1,34505849#1_0,78.04,0.37,60,12356
77339400_dir2_lane0,77339400_dir2,dir2,11.237754503866963,48.20451105093633,TRUE,-197699509,-197699509_0,292.42,0.65,60,10362
77339408_dir2_lane0,77339408_dir2,dir2,11.269660342415563,48.27513197014168,TRUE,-184627122#0,-184627122#0_0,171.73,0.85,60,4310
77339403_dir2_lane0,77339403_dir2,dir2,11.270881470395363,48.28282504875779,TRUE,38870391,38870391_0,5,88.45,100,4967
76339410_dir1_lane0,76339410_dir1,dir1,11.21455057352159,48.30522675666152,TRUE,-158057242#1,-158057242#1_0,14.66,0.06,60,4113
77339402_dir2_lane0,77339402_dir2,dir2,11.273279243325705,48.21523876823859,TRUE,175877084,175877084_0,208.63,0.77,60,8883
