TKST,x,y,lon,lat
78339100,669529.74,5337096.61,11.279976248682242,48.16448976422868
78339109,668285.48,5338221.35,11.263701190796281,48.17493165083671
78339104,669686.78,5340308.06,11.283368852144577,48.19331802094628
77339100,671275.7,5341591.58,11.305249950890278,48.20442980761122
78339108,665407.5,5339805.27,11.22563509339573,48.189926884654305
76339403,672460.59,5353567.02,11.326065145180106,48.31176074
76349400,673930.46,5353084.41,11.345673912588724,48.30701997612487
76349401,676969.22,5353968.51,11.386989646508733,48.314124236579495
76339401,669498.93,5352692.92,11.285801919937107,48.30470365382778
77339400,666260.94,5341452.32,11.237754503866963,48.20451105093633
77339401,668615.87,5344082.72,11.270470360849888,48.22753665001146
77339408,668399.3,5349370.73,11.269660342415563,48.27513197014168
76339404,669125.6,5356025.35,11.282107957387666,48.3347606
76349404,675241.02,5357141.69,11.365019383585478,48.343129197286935
77349407,682711.49,5350863.73,11.46302544,48.284584403701146
76359404,685979.35,5352558.46,11.507780303754444,48.29886527817035
77349403,682236.73,5350583.67,11.456510815763979,48.28220393555333
77339403,668464.59,5350228.43,11.270881470395363,48.28282504875779
76339410,664214.06,5352596.05,11.21455057352159,48.30522675666152
77339402,668864.92,5342722.1,11.273279243325705,48.21523876823859
77349100,678632.31,5347379.96,11.406615783457939,48.254433612446654
77349400,678524.71,5349921.64,11.406240283205486,48.27731066000775
